,User,Text,Date,Compound,Positive,Neutral,Negative,Tweets Ago
0,BBC,"Would you describe yourself as a feminist?
#HearHer https://t.co/RZh8XfEria",Sat Jun 09 20:04:00 +0000 2018,0.0,0.0,1.0,0.0,1
1,BBC,"What is it like being Germaine Greer? This observational documentary spends time with her and finds out.

Germaine‚Ä¶ https://t.co/YauZn2kit4",Sat Jun 09 19:02:05 +0000 2018,0.3612,0.122,0.878,0.0,2
2,BBC,"The cast of @QueerEye brought a bag of goodies along to @BBCR1's #BiggestWeekend üòçüéÅ

Here's what @tanfrance,‚Ä¶ https://t.co/c82OxTDXfI",Sat Jun 09 18:04:03 +0000 2018,0.0,0.0,1.0,0.0,3
3,BBC,"One hundred years after some women won the right to vote, @ScarlettMoffatt tells the story of the suffragettes. https://t.co/B8gr3KbzkJ",Sat Jun 09 17:01:05 +0000 2018,0.5719,0.171,0.829,0.0,4
4,BBC,"A year on from the Grenfell Tower fire, Sean and his charity have been supporting children affected by the tragedy,‚Ä¶ https://t.co/GXtypl36BW",Sat Jun 09 16:04:03 +0000 2018,0.4019,0.222,0.623,0.156,5
5,BBC,One shocking day of sexual violence from the police altered the suffragettes' political strategy forever.‚Ä¶ https://t.co/O1pfqAhXLa,Sat Jun 09 15:02:02 +0000 2018,-0.7783,0.0,0.673,0.327,6
6,BBC,‚ù§Ô∏èÔ∏è This is what love looks like. https://t.co/Qle1eoBU5x,Sat Jun 09 14:04:02 +0000 2018,0.7717,0.528,0.472,0.0,7
7,BBC,"üòÜ @ChanningTatum and @UsainBolt have all the moves.  
#TheGNShow https://t.co/ry6TVJ6b6P",Sat Jun 09 13:24:03 +0000 2018,0.0,0.0,1.0,0.0,8
8,BBC,"Fifty nations are now taking action to reduce plastic pollution, according to the biggest report so far from the‚Ä¶ https://t.co/cz3KvhuKb4",Sat Jun 09 13:03:06 +0000 2018,0.0,0.0,1.0,0.0,9
9,BBC,RT @BBCNews: The Royal family watch the RAF flypast from Buckingham Palace. 23 aircraft are taking part to mark the Queen's official birthd‚Ä¶,Sat Jun 09 12:23:25 +0000 2018,0.0,0.0,1.0,0.0,10
10,BBC,Your friend that likes gin will LOVE this. #TopOfTheShop üòç #WorldGinDay https://t.co/0y9sqjluRF,Sat Jun 09 12:03:00 +0000 2018,0.8986,0.577,0.423,0.0,11
11,BBC,RT @BBCNews: The Trooping the Colour parade which marks the Queen's official birthday is underway in London. The Queen and Duke and Duchess‚Ä¶,Sat Jun 09 11:10:52 +0000 2018,0.0,0.0,1.0,0.0,12
12,BBC,"üòÇ Fashion sense v common sense: the battle rages on.

Is the 'fanny pack shoe' an ugly fashion step too far?
üëâ‚Ä¶ https://t.co/WJ11O2gJxE",Sat Jun 09 11:04:08 +0000 2018,-0.8402,0.0,0.667,0.333,13
13,BBC,"As football fans across the globe look forward to #Russia2018, @mrdanwalker looks back at England's World Cup-winni‚Ä¶ https://t.co/3w7JJV7JwI",Sat Jun 09 10:10:06 +0000 2018,0.0,0.0,1.0,0.0,14
14,BBC,"RT @bbcstories: Ever wondered why alcohol can seem to solve all our problems, but ends up making them even worse? This doctor‚Äôs explanation‚Ä¶",Sat Jun 09 10:09:40 +0000 2018,-0.6808,0.051,0.73,0.219,15
15,BBC,"RT @BBCBreakfast: Yep, this is real... Russian hosts are being taught how to smile to make visitors feel welcome to the World Cup. üòÅ
#BBCWo‚Ä¶",Sat Jun 09 08:55:42 +0000 2018,0.7717,0.268,0.732,0.0,16
16,BBC,"RT @bbcrb: Just amazing.
The WHOLE community was invited to this Iftar meal. THOUSANDS turned up! üôåüôå https://t.co/WAOYvHIbx3",Sat Jun 09 08:54:21 +0000 2018,0.6239,0.194,0.806,0.0,17
17,BBC,RT @bbccomedy: Dame Emma Thompson! ‚ù§Ô∏è #QueensBirthdayHonours https://t.co/sGDU1GC3SU,Sat Jun 09 08:53:14 +0000 2018,0.0,0.0,1.0,0.0,18
18,BBC,"RT @BBC6Music: Which riffs do you wish you had written?

ü§ò @st_vincent had some brilliant suggestions when she took over our Instagram toda‚Ä¶",Sat Jun 09 08:52:54 +0000 2018,0.7579,0.245,0.755,0.0,19
19,BBC,RT @BBCArtsPR: Our very own @wmarybeard has received a damehood in the Queen's birthday honours list - congratulations Mary! @bbcarts @BBCF‚Ä¶,Sat Jun 09 08:52:46 +0000 2018,0.8122,0.303,0.697,0.0,20
20,BBC,RT @bbcarts: Women across Britain raise banners for suffrage &amp; what it means to be a C21st woman. See selection of brilliant banners prior‚Ä¶,Sat Jun 09 08:52:33 +0000 2018,0.5859,0.147,0.853,0.0,21
21,BBC,"RT @BBCEngland: Britain's longest-serving poppy seller, 103-year-old Rosemary Powell, has been appointed an MBE in the Queen's birthday hon‚Ä¶",Sat Jun 09 08:50:01 +0000 2018,0.0,0.0,1.0,0.0,22
22,BBC,"üá¨üáß @huwbbc introduces live coverage of the military parade to mark the official birthday of HM the Queen. 

Troopin‚Ä¶ https://t.co/y1b6OpOoey",Sat Jun 09 08:32:05 +0000 2018,0.0,0.0,1.0,0.0,23
23,BBC,"The charming and beautiful films of Lotte Reiniger, forgotten pioneer of animation. https://t.co/T2N7eLjHKh",Sat Jun 09 07:28:04 +0000 2018,0.7783,0.393,0.51,0.097,24
24,BBC,"üé∂ Tonight, @ArcticMonkeys perform live for @BBCR1 at the legendary Maida Vale studios.

Artic Monkeys Live at the B‚Ä¶ https://t.co/l8FI1nOTWY",Fri Jun 08 20:04:03 +0000 2018,0.0,0.0,1.0,0.0,25
25,BBC,üíÉüï∫ Why does dancing with our friends make us feel so good? https://t.co/iokI919nJp,Fri Jun 08 18:09:05 +0000 2018,0.7809,0.383,0.617,0.0,26
26,BBC,üé∂ü¶àüöÄüöó From jazz-loving sharks to @elonmusk shooting his car into space: these are the 7 funniest news stories of the‚Ä¶ https://t.co/TN5XaD9I0k,Fri Jun 08 17:03:04 +0000 2018,0.5574,0.159,0.841,0.0,27
27,BBC,Leaving your responsibilities behind on a Friday like... üíÅüëã #FridayFeeling @taylorswift13 https://t.co/wvmpzlOSel,Fri Jun 08 16:02:00 +0000 2018,0.0,0.0,1.0,0.0,28
28,BBC,"üì∫ From drama Succession to the return of @PoldarkTV, here are the TV shows worth watching in June. 
üëâ‚Ä¶ https://t.co/VFdghjNGmK",Fri Jun 08 13:03:05 +0000 2018,0.4019,0.179,0.821,0.0,29
29,BBC,RT @bbcouch: We can announce today that Britain's Got Talent winner @LostVoiceGuy will be hosting our Storytelling Live event at @edfringe!‚Ä¶,Fri Jun 08 12:28:10 +0000 2018,0.784,0.266,0.734,0.0,30
30,BBC,"RT @BBCEarth: We all have a part to play in protecting #OurBluePlanet.
#WorldOceansDay üíô https://t.co/1TM73iYPmA",Fri Jun 08 12:24:37 +0000 2018,0.34,0.167,0.833,0.0,31
31,BBC,"üíî US celebrity chef and television personality Anthony Bourdain has been found dead in his hotel room, aged 61.
üëâ‚Ä¶ https://t.co/55jBxSrdUS",Fri Jun 08 12:19:25 +0000 2018,-0.6486,0.0,0.815,0.185,32
32,BBC,The unexpected pioneering women of electronic music. https://t.co/ih6gK1Sz0y,Fri Jun 08 12:04:03 +0000 2018,0.0,0.0,1.0,0.0,33
33,BBC,"Forget hygge, a new Nordic lifestyle trend called 'p√§ntsdrunk' is all about drinking in your underwear. üëôüçª‚Ä¶ https://t.co/SBTQBZ5E5e",Fri Jun 08 11:03:04 +0000 2018,-0.2263,0.0,0.894,0.106,34
34,BBC,"RT @UKMoments: All-day Friday @BBC6Music will be playing an all-female playlist, spun by an all-woman DJ line up as part of the BBC's #Hear‚Ä¶",Fri Jun 08 10:52:51 +0000 2018,0.2023,0.073,0.927,0.0,35
35,BBC,"Pippa Middleton has confirmed she is expecting her first child with husband James Matthews. 
https://t.co/4SiziX5Tix https://t.co/bFobAI2hBp",Fri Jun 08 10:50:03 +0000 2018,0.0,0.0,1.0,0.0,36
36,BBC,"'If the oceans don't stay healthy, human beings are doomed.' 
#WorldOceansDay https://t.co/5aTLEHZ9Mi",Fri Jun 08 09:01:04 +0000 2018,-0.3089,0.0,0.83,0.17,37
37,BBC,"RT @BBC6Music: This Friday, @St_Vincent takes over our Instagram (https://t.co/ui96YFYsuH) and offers some advice to improve your day. Here‚Ä¶",Fri Jun 08 08:46:14 +0000 2018,0.4404,0.139,0.861,0.0,38
38,BBC,"These ducklings jumping from their nest are absolutely adorable. ü¶Üüê£‚ù§Ô∏èÔ∏è
https://t.co/NlQijnt3hm",Fri Jun 08 08:01:07 +0000 2018,0.5413,0.259,0.741,0.0,39
39,BBC,"üèô We often think of cities as the least healthy places to live. But what does the research say?
üëâ‚Ä¶ https://t.co/gm4wRIFCQG",Fri Jun 08 07:29:05 +0000 2018,-0.3089,0.0,0.894,0.106,40
40,BBC,"üåäüíô A message from Sir David Attenborough for #WorldOceansDay. 
 https://t.co/778x4RMMRv",Fri Jun 08 07:00:18 +0000 2018,0.0,0.0,1.0,0.0,41
41,BBC,"#OurGirl's Michelle Keegan discovers her great-great-grandmother was a suffragette, fighting for women to get the v‚Ä¶ https://t.co/sNDxrleuGi",Thu Jun 07 19:04:09 +0000 2018,-0.3612,0.0,0.857,0.143,42
42,BBC,‚ù§Ô∏èÔ∏è Harry has been wearing a Spider-Man mask during his radiotherapy to give him 'superpowers'. https://t.co/rsyOrCzD7k,Thu Jun 07 18:00:21 +0000 2018,0.0,0.0,1.0,0.0,43
43,BBC,Turns out even Shakespearean acting legends love a good chinwag. https://t.co/0DO0vG4uZg,Thu Jun 07 16:02:03 +0000 2018,0.7964,0.47,0.53,0.0,44
44,BBC,"RT @BBC6Music: üí™ Who do you hope to hear during our all-female #HearHer day from 5am-midnight on Friday?

Backstage in Belfast we asked @fi‚Ä¶",Thu Jun 07 15:36:48 +0000 2018,0.4404,0.116,0.884,0.0,45
45,BBC,This elderly man was struggling slowly across a busy road - but help was at hand! https://t.co/xfCtAOkL6F,Thu Jun 07 15:32:24 +0000 2018,0.8043,0.369,0.544,0.086,46
46,BBC,"üêç A Texan required 26 doses of anti-venom after he was bitten by the severed head of a rattlesnake he had killed.
üëâ‚Ä¶ https://t.co/zdD1aO7POz",Thu Jun 07 14:04:02 +0000 2018,-0.7906,0.0,0.731,0.269,47
47,BBC,RT @BBC_ARoadshow: 'We did it for all women' - 50 years after they walked out the Dagenham women say the fight for equal pay must go on #An‚Ä¶,Thu Jun 07 13:00:43 +0000 2018,-0.4588,0.0,0.862,0.138,48
48,BBC,"üéûüé¨ From the Jurassic World sequel to an Oscar Wilde biopic, these films are worth making a trip to the cinema for t‚Ä¶ https://t.co/PODFpM3UOq",Thu Jun 07 13:00:26 +0000 2018,0.2263,0.079,0.921,0.0,49
49,BBC,"üëäüíï If you've ever been touched by cancer, Julie's message will be important. 
https://t.co/L7Ebn2c0Ed",Thu Jun 07 12:01:05 +0000 2018,-0.5574,0.099,0.659,0.242,50
50,BBC,"RT @BBCEarth: Are you obsessed with the ocean? üåä
Do you go wild for whales? üêã
Want to share your passion for presenting with the world?
Ent‚Ä¶",Thu Jun 07 11:46:22 +0000 2018,0.6531,0.237,0.706,0.057,51
51,BBC,üíïüêÆ Cow cuddling is the new wellness trend coming to a field near you and it's guaranteed to put you in a good moooo‚Ä¶ https://t.co/8DJNABgCFc,Thu Jun 07 11:01:05 +0000 2018,0.7003,0.216,0.784,0.0,52
52,BBC,Little girls don‚Äôt stay little forever. https://t.co/3yThJBbcUs,Thu Jun 07 09:37:40 +0000 2018,0.0,0.0,1.0,0.0,53
53,BBC,What it's like to find out you were adopted at age 49. https://t.co/Fl1LZJOMKZ,Thu Jun 07 08:01:03 +0000 2018,0.3612,0.172,0.828,0.0,54
54,BBC,"The original illustrated map of The Hundred Acre Wood is expected to fetch between ¬£100,000 - ¬£150,000 when it goes‚Ä¶ https://t.co/FVle3m5MCh",Thu Jun 07 07:28:01 +0000 2018,0.3182,0.108,0.892,0.0,55
55,BBC,‚ù§Ô∏èüê∂ Some heroes don't wear capes - they wear collars. https://t.co/0YF9EdnfL1,Thu Jun 07 07:01:05 +0000 2018,0.5106,0.268,0.732,0.0,56
56,BBC,"Tonight, award-winning writer Jeanette Winterson asks what we can learn from the Suffragette movement of a century‚Ä¶ https://t.co/K9P2GuRy7X",Wed Jun 06 20:44:01 +0000 2018,0.0,0.0,1.0,0.0,57
57,BBC,Comedian @JordBrookes joins @SusanCalman for #MrsBrightside - her brand new podcast about mental health from the po‚Ä¶ https://t.co/nIvQ5c2NNT,Wed Jun 06 20:04:00 +0000 2018,0.3818,0.14,0.86,0.0,58
58,BBC,"Tonight, #OurGirl actress @michkeegan uncovers some exceptional women on her family tree. üôãüíï

Who Do You Think You‚Ä¶ https://t.co/HDwdTyTqIw",Wed Jun 06 19:03:03 +0000 2018,0.0,0.0,1.0,0.0,59
59,BBC,No leaks (and better orgasms) - what you need to know about your pelvic floor. https://t.co/m8pGrbm71M,Wed Jun 06 18:03:04 +0000 2018,0.1779,0.16,0.718,0.122,60
60,BBC,"74 years on from D-Day, these infrared photos show WW2 bunkers in new light. üì∑ 
https://t.co/Dn2XKQ5jtZ https://t.co/Rqm91pIfj4",Wed Jun 06 17:02:09 +0000 2018,0.0,0.0,1.0,0.0,61
61,BBC,"There are more than 110,000 gang members in Honduras and they're tearing the country apart. https://t.co/ZF9M0iAvzb",Wed Jun 06 16:00:01 +0000 2018,0.0,0.0,1.0,0.0,62
62,BBC,From a French novel about the Burundi genocide to a Chilean mystery: add these titles to your book shelf this month‚Ä¶ https://t.co/T9AG8kvoPG,Wed Jun 06 13:02:05 +0000 2018,0.3182,0.108,0.892,0.0,63
63,BBC,"RT @BBC_ARoadshow: Fiona discovers more about suffragette Emily Wilding Davison, who died after throwing herself in front of the King's hor‚Ä¶",Wed Jun 06 12:21:20 +0000 2018,-0.5574,0.0,0.847,0.153,64
64,BBC,"Ethan Hawke relives the time when one of his co-stars DIED on stage. #TheGNShow

https://t.co/XIG2Y8OA7m",Wed Jun 06 12:03:06 +0000 2018,-0.6523,0.0,0.764,0.236,65
65,BBC,"In 1993, Steven Spielberg's film Jurassic Park defined dinosaurs for an entire generation... but does it make scien‚Ä¶ https://t.co/wLK4pyl9pv",Wed Jun 06 11:02:02 +0000 2018,0.0,0.0,1.0,0.0,66
66,BBC,"RT @BBCSpringwatch: Ever heard a beatboxing starling? üîä üîä

#Springwatch https://t.co/NC52eJ4MX0",Wed Jun 06 10:01:40 +0000 2018,0.0,0.0,1.0,0.0,67
67,BBC,RT @bbcthree: Madame Poole has been ballet dancing for an astounding seven decades. #HearHer https://t.co/X6ltLoANl7,Wed Jun 06 08:55:39 +0000 2018,0.4215,0.167,0.833,0.0,68
68,BBC,"RT @BBCFOUR: Here's a sneak preview of our brand new drama #Hidden. Starts Saturday, 9pm, @BBCFour. https://t.co/cibPD1hzr3 https://t.co/te‚Ä¶",Wed Jun 06 08:55:07 +0000 2018,0.0,0.0,1.0,0.0,69
69,BBC,"When Mona began to lose her sight, her 84-year-old husband did something amazing for her... üíÖüíÑ‚ù§Ô∏èÔ∏è

https://t.co/Qle1eoBU5x",Wed Jun 06 08:02:01 +0000 2018,0.2732,0.177,0.698,0.126,70
70,BBC,"We're all familiar with that sinking, nagging feeling we get when we realise we have made the wrong choice. üòü

But‚Ä¶ https://t.co/NPYZY5U43f",Wed Jun 06 07:31:01 +0000 2018,-0.6486,0.059,0.711,0.229,71
71,BBC,"üìªüê´ü¶Öüêºü¶à @GregJames has got a new co-host!

Sir David Attenborough becomes a @BBCR1 DJ at 5pm today... 

https://t.co/zHHtjBZZ9v",Wed Jun 06 07:04:04 +0000 2018,0.0,0.0,1.0,0.0,72
72,BBC,"'The problem with plastic is that it never goes away. It doesn't decompose. It defies nature.' 
#WorldEnvironmentDay https://t.co/Tkmj9qXzlK",Tue Jun 05 19:25:03 +0000 2018,-0.4019,0.0,0.863,0.137,73
73,BBC,"#OurGirl is back and heading to Nigeria in the fight against terror. 

Our Girl | 9pm | @BBCOne |‚Ä¶ https://t.co/epbhcujexD",Tue Jun 05 19:02:05 +0000 2018,-0.7184,0.0,0.727,0.273,74
74,BBC,"üë∂ü•¶ If your child's a fussy eater, here are 5 tips from scientist @Dr_C_Llewellyn. https://t.co/MOhdgXa96t",Tue Jun 05 18:02:06 +0000 2018,0.0,0.0,1.0,0.0,75
75,BBC,RT @BBCTwo: Always wanted to pitch an idea to the stars of #DragonsDen? Well here‚Äôs your chance! Reply to this tweet with your best busines‚Ä¶,Tue Jun 05 16:50:46 +0000 2018,0.8221,0.281,0.719,0.0,76
76,BBC,"üíî Fashion designer Kate Spade, 55, has been found dead in her New York apartment.
üëâ https://t.co/ku2uHiO0Nh https://t.co/sg40Mjbb12",Tue Jun 05 16:31:52 +0000 2018,-0.6486,0.0,0.777,0.223,77
77,BBC,‚ôªÔ∏èüóë These protesters want shops to take more responsibility for the overuse of plastic packaging.‚Ä¶ https://t.co/C4YX62DYWU,Tue Jun 05 16:00:22 +0000 2018,-0.1531,0.076,0.814,0.11,78
78,BBC,"‚ù§Ô∏èüòΩ This man has vowed to be the best 'cat dad' he can be after finding random kittens under his bed. 
üëâ‚Ä¶ https://t.co/fWsKzfv8s3",Tue Jun 05 13:01:07 +0000 2018,0.6369,0.16,0.84,0.0,79
79,BBC,"üòÇ These knitted Poldark dolls are the best!
#TheGNShow https://t.co/Mpc1dWzojg",Tue Jun 05 12:00:22 +0000 2018,0.6696,0.36,0.64,0.0,80
80,BBC,"RT @BBC_ARoadshow: From artists to explorers, suffragettes to swimmers #antiquesroadshow discovers the pioneering women who have help shape‚Ä¶",Tue Jun 05 11:12:05 +0000 2018,0.4019,0.137,0.863,0.0,81
81,BBC,"How does plastic actually enter our oceans? 
#WorldEnvironmentDay https://t.co/LdOt9inVFS",Tue Jun 05 11:00:07 +0000 2018,0.0,0.0,1.0,0.0,82
82,BBC,RT @BBCBreakfast: Have you got yours yet? #gingeremoji https://t.co/hKwIsLspYC,Tue Jun 05 10:45:52 +0000 2018,0.0,0.0,1.0,0.0,83
83,BBC,RT @bbcthree: 17-year-old Dillon upcycles clothes to help young homeless people feel confident going to school or for job interviews. https‚Ä¶,Tue Jun 05 10:34:07 +0000 2018,0.7096,0.237,0.763,0.0,84
84,BBC,"RT @BBCNews: ""I was disabled before it was popular.""

@LostVoiceGuy - aka Lee Ridley - is the first comedian to win Britain's Got Talent.‚Ä¶",Tue Jun 05 10:31:20 +0000 2018,0.7506,0.242,0.758,0.0,85
85,BBC,"üé®üôå Middle-earth in colour: How Tolkien drew his fantasy universe.
üëâ https://t.co/z754byqVpR https://t.co/Jr6PnQWvIU",Tue Jun 05 10:21:33 +0000 2018,0.0,0.0,1.0,0.0,86
86,BBC,"It's time to think about our plastic behaviour.
#WorldEnvironmentDay https://t.co/kSzSawpYLv",Tue Jun 05 09:34:23 +0000 2018,0.0,0.0,1.0,0.0,87
87,BBC,Some of Arthur C Clarke's predictions about the future were bang on... https://t.co/6M7UJv6Mmh,Tue Jun 05 08:01:03 +0000 2018,0.0,0.0,1.0,0.0,88
88,BBC,"üìé The psychology of stealing office supplies. 
üëâ https://t.co/vfXaRVYcwU https://t.co/zoPWJRXVtO",Tue Jun 05 07:29:04 +0000 2018,-0.5719,0.0,0.654,0.346,89
89,BBC,üí§ Ever wondered what your brain is up to while you're dreaming? https://t.co/2JHc0lFKbS,Tue Jun 05 07:00:11 +0000 2018,0.0,0.0,1.0,0.0,90
90,BBC,"Versailles is back! Tonight, Madame de Montespan finds out how to hurt a former friend...  

#Versailles | 9pm |‚Ä¶ https://t.co/5nEGyPoAp6",Mon Jun 04 19:03:02 +0000 2018,-0.5707,0.0,0.822,0.178,91
91,BBC,"The story of a group of working-class women conducting a dangerous campaign for the vote.

Suffragettes with‚Ä¶ https://t.co/RKwQbGQMdu",Mon Jun 04 18:31:05 +0000 2018,-0.4767,0.0,0.829,0.171,92
92,BBC,The moment a dancing off-duty FBI agent drops his gun performing backflip and accidentally shoots man in leg. https://t.co/FIu2mCjlyP,Mon Jun 04 18:02:05 +0000 2018,-0.5859,0.0,0.769,0.231,93
93,BBC,"üì∏ From #Manhattanhenge to the world's largest freshwater pearl, here are some of the most striking news photos take‚Ä¶ https://t.co/5Tp0s3MG7n",Mon Jun 04 17:01:13 +0000 2018,0.0,0.0,1.0,0.0,94
94,BBC,"ü§∑‚Äç‚ôÄÔ∏èüòÇ When @CubaGoodingJr took over @BBCBreakfast.
 https://t.co/XSPs0MOKoN",Mon Jun 04 16:01:04 +0000 2018,0.0,0.0,1.0,0.0,95
95,BBC,"üßî Bearded men have been taking pictures of themselves from below and it's freaking people out...
üëâ‚Ä¶ https://t.co/FQ9t0swX2t",Mon Jun 04 13:03:05 +0000 2018,-0.4215,0.0,0.851,0.149,96
96,BBC,RT @bbcdoctorwho: Every episode of #DoctorWho since 2005 is now available to watch on @BBCiPlayer‚Ä¶ Enjoy! https://t.co/uNWq307bei https://t‚Ä¶,Mon Jun 04 12:34:04 +0000 2018,0.5411,0.17,0.83,0.0,97
97,BBC,"‚ù§Ô∏è Ethan Hawke will be forever grateful to Robin Williams for helping launch his career.
#TheGNShow https://t.co/uYMvKQvuev",Mon Jun 04 12:01:05 +0000 2018,0.6369,0.257,0.743,0.0,98
98,BBC,"Would you describe yourself as a feminist?

#HearHer https://t.co/4UZzAu2IRO",Mon Jun 04 11:05:00 +0000 2018,0.0,0.0,1.0,0.0,99
99,BBC,"RT @BBCSpringwatch: Surely this is the only way to react to chicks fledging?! üòÇ We sure are excited here at #Springwatch HQ! 

Thanks for c‚Ä¶",Mon Jun 04 10:18:03 +0000 2018,0.8774,0.357,0.643,0.0,100
100,CBS,These two know a thing or two about awards! Watch them light up the stage tomorrow at the #TonyAwards. ‚ú® https://t.co/KHVZp65oLS,Sat Jun 09 21:00:02 +0000 2018,0.5093,0.155,0.845,0.0,1
101,CBS,Here's everything you need to know before watching the #TonyAwards this Sunday at 8/7c: https://t.co/jcRgNGmLUZ https://t.co/8suUhVPFK6,Sat Jun 09 16:00:00 +0000 2018,0.0,0.0,1.0,0.0,2
102,CBS,Join @etnow's @DDirecto this Sunday on the #TonyAwards' red carpet. https://t.co/7jS8g10KmY,Fri Jun 08 19:46:17 +0000 2018,0.296,0.18,0.82,0.0,3
103,CBS,Here's @laChanze with a reminder that you can stream the #TonyAwards this Sunday on CBS All Access! https://t.co/8TDEXzKmyQ,Fri Jun 08 15:00:03 +0000 2018,0.0,0.0,1.0,0.0,4
104,CBS,"We all get by with a little help from our friends, so what better way to celebrate #NationalBestFriendsDay than to‚Ä¶ https://t.co/pIZezbBwaT",Fri Jun 08 13:58:15 +0000 2018,0.9078,0.436,0.564,0.0,5
105,CBS,"Get ready for show-stopping performances by the casts of the 2018 Tony-nominated shows Mean Girls, SpongeBob Square‚Ä¶ https://t.co/NiSx9Bbw0F",Thu Jun 07 17:03:26 +0000 2018,0.3612,0.128,0.872,0.0,6
106,CBS,Don‚Äôt miss a special performance from @springsteen this Sunday at the #TonyAwards: https://t.co/LYYdleaFwU https://t.co/IKkKoITH9y,Wed Jun 06 21:00:24 +0000 2018,0.2732,0.176,0.719,0.105,7
107,CBS,"RT @CBSThisMorning: .@SaraBareilles and @joshgroban are hosting this Sunday's @TheTonyAwards on @CBS! 

Wednesday, they'll join us LIVE on‚Ä¶",Wed Jun 06 00:08:30 +0000 2018,0.3595,0.128,0.872,0.0,8
108,CBS,"RT @SU2C: SU2C telecast Co-Executive Producer Bradley Cooper sits down with Mitch Carbon, a pediatric cancer survivor who benefited from #S‚Ä¶",Tue Jun 05 22:23:35 +0000 2018,-0.4404,0.1,0.723,0.177,9
109,CBS,RT @StrangeAngel: About last night... The #StrangeAngel screening party was a blast! Pun intended. üöÄüòè https://t.co/m64EcNmweY,Tue Jun 05 22:12:28 +0000 2018,0.4574,0.176,0.824,0.0,10
110,CBS,These CBS stars can really belt it out! Find out which celebs from your favorite shows are pitch-perfect:‚Ä¶ https://t.co/X4zMACFazB,Tue Jun 05 19:00:02 +0000 2018,0.5093,0.155,0.845,0.0,11
111,CBS,"More stars are set to appear at the #TonyAwards, including @billyjoel, @amyschumer, and @katharinemcphee. See who e‚Ä¶ https://t.co/lPUocBcn9t",Tue Jun 05 15:04:41 +0000 2018,0.0,0.0,1.0,0.0,12
112,CBS,"The #TonyAwards are just days away, and @joshgroban and @SaraBareilles will bring all they've got to Broadway's Big‚Ä¶ https://t.co/eKkWn6ClSq",Mon Jun 04 17:00:00 +0000 2018,0.0,0.0,1.0,0.0,13
113,CBS,"Call us old-fashioned, but we donut want you missing out on #NationalDonutDay! Here are a few treats from us to you‚Ä¶ https://t.co/HpzN8bQ3SO",Fri Jun 01 17:39:17 +0000 2018,-0.3903,0.062,0.807,0.131,14
114,CBS,Remember @Lin_Manuel‚Äôs beautiful sonnet from the 70th Annual Tony Awards¬Æ? Relive some of the greatest moments in‚Ä¶ https://t.co/IZjeQLd58C,Fri Jun 01 17:00:03 +0000 2018,0.8442,0.336,0.664,0.0,15
115,CBS,"Good friends @joshgroban and @SaraBareilles are hosting the #TonyAwards together? Well, this is bound to be fun! https://t.co/26Vgzp0s2e",Thu May 31 23:50:00 +0000 2018,0.8932,0.455,0.545,0.0,16
116,CBS,"The #TonyAwards just got even better because @UzoAduba, @MattBomer, and more stars will be presenting live! Find ou‚Ä¶ https://t.co/hfFBtWo1T9",Wed May 30 15:07:34 +0000 2018,0.4926,0.151,0.849,0.0,17
117,CBS,"Mark your calendars. @SalvationCBS returns Monday, June 25 at 9/8c! ‚òÑÔ∏è https://t.co/N9pYuhYLRF",Mon May 28 21:00:01 +0000 2018,0.0,0.0,1.0,0.0,18
118,CBS,RT @thegoodfight: All episodes of season 2 are now available. Stream #TheGoodFight on CBS All Access: https://t.co/k3tn8kR9KC https://t.co/‚Ä¶,Mon May 28 02:08:19 +0000 2018,0.0,0.0,1.0,0.0,19
119,CBS,Get the popcorn ready! üçø  It's going to be an unforgettable @survivorcbs finale. Make sure to tune in TONIGHT at 8/‚Ä¶ https://t.co/vp0JyqfXMQ,Wed May 23 23:07:38 +0000 2018,0.6239,0.211,0.789,0.0,20
120,CBS,"RT @StrangeAngel: Every brilliant mind has a dark side. #StrangeAngel launches June 14, only on CBS All Access. https://t.co/y0MZg1BzEB htt‚Ä¶",Wed May 23 19:02:43 +0000 2018,0.5859,0.174,0.826,0.0,21
121,CBS,Prepare yourself. The @NCIS_CBS season finale is unlike any other. Don't miss it TONIGHT at 8/7c. https://t.co/MOH6uiFc0C,Tue May 22 23:19:40 +0000 2018,0.1139,0.083,0.917,0.0,22
122,CBS,"Summer heats up with @CBSBigBrother, @SalvationCBS, and the brand-new competition series @TKOCBS. Find out when you‚Ä¶ https://t.co/DxE7OnKs17",Tue May 22 20:02:22 +0000 2018,0.0,0.0,1.0,0.0,23
123,CBS,Who‚Äôs going to be watching the season finale of @ManWithAPlan tonight? RT if you'll be tuning in at 8:30/7:30c! https://t.co/ARLRtVuGuc,Mon May 21 23:00:01 +0000 2018,0.0,0.0,1.0,0.0,24
124,CBS,The season finale of @MadamSecretary will leave you speechless! Make sure to tune in tonight at 10/9c. https://t.co/hqxkLZsWpl,Sun May 20 20:00:00 +0000 2018,0.3382,0.131,0.808,0.061,25
125,CBS,The @NCISLA season finale is going to be a wild ride. Don't miss all of the action starting TONIGHT at 8/7c! https://t.co/PNtUuVf9VQ,Sun May 20 17:00:01 +0000 2018,0.1867,0.08,0.92,0.0,26
126,CBS,Retweet if you're ready for the #RoyalWedding! https://t.co/k57NM7OrXn,Sat May 19 08:00:01 +0000 2018,0.4199,0.285,0.715,0.0,27
127,CBS,It's going down (literally) on the Season Finale of @HawaiiFive0CBS when a submarine appears off the coast of Waiki‚Ä¶ https://t.co/oD7Le5XUz6,Fri May 18 21:00:01 +0000 2018,0.0,0.0,1.0,0.0,28
128,CBS,"The #RoyalWedding is finally here, and you're invited! Join @CBSThisMorning‚Äôs @GayleKing and @etnow‚Äôs @KevinFrazier‚Ä¶ https://t.co/Q5xiRkXLUz",Fri May 18 14:00:03 +0000 2018,0.3595,0.151,0.849,0.0,29
129,CBS,When the @LifeInPiecesCBS season finale is back-to-back episodes. üëè Get ready for double the laughs at 9/8c! https://t.co/SYW5UzXobv,Thu May 17 23:44:27 +0000 2018,0.7177,0.285,0.715,0.0,30
130,CBS,Rules were made to be broken.üí• Don't miss the heart-pounding season finale of @swatcbs TONIGHT at 10/9c! https://t.co/NXLbeIrvcp,Thu May 17 21:19:59 +0000 2018,0.1867,0.093,0.907,0.0,31
131,CBS,"Is it fall yet? Check out the first looks at our new fall shows and stars from the CBS Upfront!

https://t.co/l7GQVRzRFw",Thu May 17 19:12:51 +0000 2018,0.0,0.0,1.0,0.0,32
132,CBS,How many shows can you binge in a month? Find out with a 1 month free trial of CBS All Access! Use code STREAMITALL‚Ä¶ https://t.co/yccQppCaxC,Thu May 17 13:00:00 +0000 2018,0.5562,0.146,0.854,0.0,33
133,CBS,"Save the dates! The CBS Fall lineup is here, and we're welcoming six new shows in addition to returning hits. Which‚Ä¶ https://t.co/f9PSQfpHL7",Thu May 17 00:00:00 +0000 2018,0.75,0.242,0.758,0.0,34
134,CBS,What happens when the friendliest guy in the Midwest moves his family next door to a not-so-friendly new LA neighbo‚Ä¶ https://t.co/KtEoNE3deL,Wed May 16 22:56:24 +0000 2018,0.5574,0.159,0.841,0.0,35
135,CBS,"When @MurphyBrownCBS returns to the news world, things sure won't be what they used to be! The revival of the groun‚Ä¶ https://t.co/jJcgyqyDxL",Wed May 16 22:56:24 +0000 2018,0.3802,0.11,0.89,0.0,36
136,CBS,"When decorated former Navy SEAL Thomas Magnum returns home to Hawaii, he embarks on a new mission: solving cases in‚Ä¶ https://t.co/6n2MWY3c2f",Wed May 16 22:56:23 +0000 2018,0.34,0.112,0.888,0.0,37
137,CBS,The ordinary turns extraordinary for this suburban couple when an exuberant young pop star unexpectedly moves in wi‚Ä¶ https://t.co/9xaAUSm5nm,Wed May 16 22:56:23 +0000 2018,0.5859,0.174,0.826,0.0,38
138,CBS,An outspoken atheist's life takes a surprising turn when he accepts a social media friend request from God! Watch w‚Ä¶ https://t.co/EbVbL0SNDk,Wed May 16 22:56:23 +0000 2018,0.8398,0.4,0.6,0.0,39
139,CBS,"When danger threatens the nation, these elite agents risk their lives to keep it safe. Join them on the case when n‚Ä¶ https://t.co/LuSY0jXBf9",Wed May 16 22:56:23 +0000 2018,-0.4588,0.163,0.577,0.26,40
140,CBS,Meet the new shows coming to CBS this fall!,Wed May 16 22:56:22 +0000 2018,0.0,0.0,1.0,0.0,41
141,CBS,So much TV to love! ‚ù§Ô∏è Be sure to follow the shows of the CBS 2018-2019 primetime lineup and stay up-to-date on the‚Ä¶ https://t.co/lQwGtznj5i,Wed May 16 21:46:07 +0000 2018,0.7777,0.236,0.764,0.0,42
142,CBS,"Every mission leaves its mark. Join us in the final mission to avenge Echo Team's deaths, tonight at 9/8c during th‚Ä¶ https://t.co/SlfprTVDgD",Wed May 16 18:05:27 +0000 2018,0.296,0.095,0.905,0.0,43
143,CBS,"Get ready for three new comedies, five new dramas and the return of the critically acclaimed @MurphyBrownCBS. Here'‚Ä¶ https://t.co/alHwUTRFKh",Wed May 16 13:52:57 +0000 2018,0.6369,0.234,0.766,0.0,44
144,CBS,"RT @happytogether: When an international pop star moves into your house, life gets a little more interesting! @wayansjr, @AmberoniStevens a‚Ä¶",Wed May 16 13:24:14 +0000 2018,0.46,0.143,0.857,0.0,45
145,CBS,"RT @TheNeighborhood: You can‚Äôt pick your neighbors, but Calvin sure wishes he could! @CedEntertainer stars in the new comedy #TheNeighborho‚Ä¶",Wed May 16 13:23:26 +0000 2018,0.8122,0.33,0.67,0.0,46
146,CBS,Tonight's the night - Agent Dwayne Pride's fate will be revealed. Don't miss the special two-hour season finale of‚Ä¶ https://t.co/52amkSiNcA,Tue May 15 20:16:38 +0000 2018,-0.2057,0.07,0.821,0.109,47
147,CBS,"Donuts down, hands up! Get ready for a dramatic turn on the finale of @SuperiorDonuts TONIGHT at 9/8c. üç©https://t.co/f5VSqOlRYu",Mon May 14 20:59:11 +0000 2018,0.4199,0.141,0.859,0.0,48
148,CBS,"RT @MagnumPICBS: Thomas Magnum is back on the case! @jay_hernandez stars in #MagnumPI, coming to #CBS. https://t.co/R1aURqMawD",Mon May 14 18:17:23 +0000 2018,0.0,0.0,1.0,0.0,49
149,CBS,"RT @GodFriendedMe: You never know who's going to send you a friend request. #GodFriendedMe, the new drama series starring @hall_m_brandon a‚Ä¶",Mon May 14 18:16:12 +0000 2018,0.4939,0.144,0.856,0.0,50
150,CBS,RT @TheRedLineCBS: Three Chicago families‚Äô lives converge in the wake of a mistaken shooting. From acclaimed producers @ava and @GBerlanti‚Ä¶,Mon May 14 18:15:36 +0000 2018,-0.3612,0.0,0.878,0.122,51
151,CBS,"RT @FamCBS: No family is perfect, especially this #FAM! @ninadobrev, @toneBell and @odessaadlon star in the new #CBS comedy #FAM. https://t‚Ä¶",Mon May 14 18:15:08 +0000 2018,0.6476,0.243,0.674,0.082,52
152,CBS,"RT @TheCodeCBS: Their code is honor, courage and commitment. They pursue military justice at home and abroad. #TheCode coming to #CBS. http‚Ä¶",Mon May 14 18:14:46 +0000 2018,0.9081,0.408,0.592,0.0,53
153,CBS,RT @FBICBS: Meet the FBI agents who are investigating the most dangerous cases threatening our nation. From Emmy Winner Dick Wolf and the t‚Ä¶,Mon May 14 18:14:22 +0000 2018,-0.762,0.111,0.586,0.303,54
154,CBS,RT @MurphyBrownCBS: The ground-breaking comedy returns. #MurphyBrown coming to #CBS. https://t.co/di8GXoVPjh,Mon May 14 18:13:58 +0000 2018,0.3612,0.2,0.8,0.0,55
155,CBS,RT @StrangeAngel: Play with fire. üî• #StrangeAngel launches June 14 on #CBSAllAccess. https://t.co/xiFSkVz1vB https://t.co/Aw3kGeHyj4,Mon May 14 14:42:00 +0000 2018,0.0,0.152,0.696,0.152,56
156,CBS,"Happy #MothersDay to the moms who comfort us, understand us, and keep us centered. We ‚ù§Ô∏è you. https://t.co/4YDmZrTGIC",Sun May 13 13:16:14 +0000 2018,0.7351,0.279,0.721,0.0,57
157,CBS,The more the merrier! CBS has ordered five more shows that just might become your new favorites next season:‚Ä¶ https://t.co/2g5OSj2xPu,Fri May 11 23:00:40 +0000 2018,0.7245,0.252,0.748,0.0,58
158,CBS,Thinking about the @BlueBloods_CBS season finale like‚Ä¶ Don‚Äôt miss the surprising reveal TONIGHT at 10/9c. https://t.co/8ExkPFpnFj,Fri May 11 20:55:08 +0000 2018,0.128,0.119,0.791,0.09,59
159,CBS,"Double the @MomCBS, double the fun! Anyone else feel like they hit the jackpot with the back-to-back Season Finale‚Ä¶ https://t.co/ebq8WJLKGf",Thu May 10 23:11:17 +0000 2018,0.7263,0.253,0.747,0.0,60
160,CBS,"2 suitors, 1 Meemaw and 1 Sheldon. You won‚Äôt want to miss the season finale of @YoungSheldon tonight at 8:30/7:30c. https://t.co/Hht2yRE7ly",Thu May 10 19:24:10 +0000 2018,-0.0772,0.069,0.847,0.085,61
161,CBS,Broadway's Biggest Night is around the corner! Who are you hoping to see? #TonyAwards2018 ‚ú® https://t.co/KLT8QCxWcK,Thu May 10 18:03:26 +0000 2018,0.4753,0.181,0.819,0.0,62
162,CBS,"The big day is finally here, and you‚Äôre invited. üë∞ Make sure to tune in to the @bigbangtheory‚Äôs star-studded #ShAmy‚Ä¶ https://t.co/la9E6tvQ5b",Thu May 10 15:30:40 +0000 2018,0.3182,0.108,0.892,0.0,63
163,CBS,"Before the #ShAmy wedding tomorrow, the @bigbangtheory stars &amp; special guests play a game of ""yay or nay"" with thes‚Ä¶ https://t.co/ZpCM16qOyT",Wed May 09 21:35:00 +0000 2018,0.8176,0.333,0.667,0.0,64
164,CBS,Get ready for more laughs! Learn more about the two new comedies coming to CBS: https://t.co/cpT3fd2RH5 https://t.co/NGrcp803zW,Wed May 09 19:36:24 +0000 2018,0.8395,0.391,0.609,0.0,65
165,CBS,"Goodbyes are never easy.  After 15 seasons, don‚Äôt miss Abby‚Äôs final episode of @NCIS_CBS tonight at 8/7c.  https://t.co/GTGj2YRJA1",Tue May 08 22:26:55 +0000 2018,-0.4599,0.0,0.8,0.2,66
166,CBS,Will you be watching the @BullCBS Season 2 Finale tonight at 9/8c? RT if your answer is yes! https://t.co/OxnyEDVsKj,Tue May 08 19:55:32 +0000 2018,0.4574,0.15,0.85,0.0,67
167,CBS,RT @thegoodfight: Listening to #QueenBaranski read fan tweets is like poetry. üòç Warning: this video will give you ALL the feels. ‚ò∫Ô∏è‚ù§Ô∏è #TheG‚Ä¶,Tue May 08 17:18:20 +0000 2018,0.34,0.183,0.725,0.092,68
168,CBS,"RT @KevinCanWaitCBS: Season 2 of #KevinCanWait comes to a close tonight, and @KevinJames and @LeahRemini have A LOT to say about it. https:‚Ä¶",Mon May 07 17:50:20 +0000 2018,0.0,0.0,1.0,0.0,69
169,CBS,Spend your Friday night with this dynamic duo! Tune in to the season finale of @MacGyverCBS at 8/7c on CBS and CBS‚Ä¶ https://t.co/AfWUVo4GSu,Fri May 04 21:00:00 +0000 2018,0.5093,0.13,0.87,0.0,70
170,CBS,RT @undercover_cbs: Get ready for the series premiere of #CelebrityBoss in just seven days! How would you react if your favorite celebrity‚Ä¶,Fri May 04 18:42:12 +0000 2018,0.6996,0.225,0.775,0.0,71
171,CBS,The force is strong on the set of @bigbangtheory! #MayThe4thBeWithYou https://t.co/uYyXKtuVCM,Fri May 04 14:48:42 +0000 2018,0.5562,0.264,0.736,0.0,72
172,CBS,RT @thegoodfight: The fight's not over yet. #TheGoodFight is renewed for Season 3. https://t.co/gUrDeA5KQP,Wed May 02 19:04:01 +0000 2018,0.0,0.0,1.0,0.0,73
173,CBS,RT @TKOCBS: Both @hwventure and @janemun have been named Executive Producers and showrunners of #TKO: TOTAL KNOCK OUT! Learn more about the‚Ä¶,Tue May 01 23:10:50 +0000 2018,0.0,0.0,1.0,0.0,74
174,CBS,"RT @StrangeAngel: Sex. Magick. Rocket Science. #StrangeAngel launches June 14, only on CBS All Access. https://t.co/I3sqWMASxl https://t.co‚Ä¶",Tue May 01 17:58:51 +0000 2018,0.0,0.0,1.0,0.0,75
175,CBS,"Broadway's Biggest Night will honor the best in theatre on Sunday, June 10! Here are the nominees for the‚Ä¶ https://t.co/tCiNaLGIvq",Tue May 01 15:16:28 +0000 2018,0.8268,0.299,0.701,0.0,76
176,CBS,We congratulate all of our CBS #DaytimeEmmy Award winners! Check out the stars who joined @TheTalkCBS hosts to cele‚Ä¶ https://t.co/JfUFINmYGH,Mon Apr 30 22:54:18 +0000 2018,0.8777,0.373,0.627,0.0,77
177,CBS,RT @KevinJames: Getting the band back together @AdamSandler @chrisrock @MikeDelguidice1 @KevinCanWaitCBS #KevinCanWait https://t.co/Mo5EWck‚Ä¶,Mon Apr 30 13:28:01 +0000 2018,0.0,0.0,1.0,0.0,78
178,CBS,See all of the stunning fashion looks from the @CBSDaytime stars on the #DaytimeEmmys red carpet:‚Ä¶ https://t.co/iJN1ssGPvZ,Mon Apr 30 02:22:08 +0000 2018,0.3818,0.14,0.86,0.0,79
179,CBS,The 45th annual #DaytimeEmmys are here! Congratulations to all of the wonderful @CBSDaytime stars and shows nominat‚Ä¶ https://t.co/xZhDSYnxL6,Sun Apr 29 15:30:00 +0000 2018,0.8356,0.33,0.67,0.0,80
180,CBS,These stars are going undercover for #CelebrityBoss! Find out more about Celebrity @undercover_cbs premiering May 1‚Ä¶ https://t.co/Deyn76ADT9,Thu Apr 26 23:40:24 +0000 2018,0.0,0.0,1.0,0.0,81
181,CBS,"New courage. New hope. New season. 

Season 3 of @CodeBlackCBS premieres TONIGHT at 10/9c on CBS! https://t.co/rR8xUCKlzI",Wed Apr 25 21:48:49 +0000 2018,0.75,0.313,0.687,0.0,82
182,CBS,Celebrate #DNADay by letting your forensic flag fly and revisit some classic episodes of @CSI_CBS on CBS All Access‚Ä¶ https://t.co/YCbHDK2r4b,Wed Apr 25 18:09:50 +0000 2018,0.5719,0.163,0.837,0.0,83
183,CBS,"Get ready for big reveals, dramatic conclusions, and huge guest stars! Find out more about the 2017-2018 season fin‚Ä¶ https://t.co/xcBChnjEvH",Wed Apr 25 16:55:33 +0000 2018,0.6239,0.221,0.779,0.0,84
184,CBS,Who‚Äôs ready to see these moves? üï∫ Tune in to the @latelateshow‚Äôs Carpool Karaoke Primetime Special TONIGHT at 10/9c! https://t.co/gjrURqXaPN,Mon Apr 23 21:03:22 +0000 2018,0.6696,0.244,0.756,0.0,85
185,CBS,"The 53rd #ACMawards turned into one big party when @KeithUrban and @juliamichaels performed their upbeat single ""Co‚Ä¶ https://t.co/Q3Zj3EzuNs",Sun Apr 22 16:00:03 +0000 2018,0.4019,0.137,0.863,0.0,86
186,CBS,A blind date was all it took. Learn more about Meghan Markle and her road to royalty from the people who know her b‚Ä¶ https://t.co/fEAMUblPQ4,Fri Apr 20 22:00:01 +0000 2018,-0.4019,0.0,0.895,0.105,87
187,CBS,RT @carrieunderwood: ICYMI! Watch Carrie‚Äôs performance of #CryPretty from the #ACMawards below! -TeamCU https://t.co/T9I3ko2xFu,Fri Apr 20 17:34:37 +0000 2018,0.0,0.0,1.0,0.0,88
188,CBS,There's a new addition to the cast of the upcoming revival of Murphy Brown!  Learn more about Tyne Daly's character‚Ä¶ https://t.co/ijSXSLyDaR,Thu Apr 19 20:00:00 +0000 2018,0.0,0.0,1.0,0.0,89
189,CBS,"Country superstar @LukeBryanOnline delivers his moving anthem ""Most People Are Good"" at the 53rd #ACMawards:‚Ä¶ https://t.co/GhhAsEDqmq",Thu Apr 19 19:00:02 +0000 2018,0.4877,0.174,0.826,0.0,90
190,CBS,"Coming to CBS All Access June 14, #StrangeAngel is inspired by the real life story of Jack Parsons and explores the‚Ä¶ https://t.co/IsPrXRNXye",Thu Apr 19 17:08:44 +0000 2018,0.4939,0.132,0.868,0.0,91
191,CBS,When you realize there are TWO episodes of @CrimMinds_CBS tonight! üëè Who‚Äôs ready for the double-episode season fina‚Ä¶ https://t.co/CWVAHHeIGr,Wed Apr 18 21:00:01 +0000 2018,0.4199,0.141,0.859,0.0,92
192,CBS,Giving you even more reasons to celebrate! üéâ See which CBS series are back for another year: https://t.co/O2LI0eJXTA https://t.co/H436kL1jSK,Wed Apr 18 18:57:45 +0000 2018,0.7688,0.294,0.706,0.0,93
193,CBS,"Watch country star @blakeshelton belt out his beautiful ballad ""I Lived It"" at the 53rd #AMCawards:‚Ä¶ https://t.co/w0WRmpQ6fk",Wed Apr 18 17:00:03 +0000 2018,0.5994,0.196,0.804,0.0,94
194,CBS,RT @joshgroban: I AM SO HAPPY I COULD CRY BUT ITS MIDNIGHT IN JAPAN SO I WILL SLEEP BUT ‚ÄºÔ∏è‚ÄºÔ∏è‚ÄºÔ∏è‚ÄºÔ∏èüë´üèÜüé≠üò≠üîú #TonyAwards2018 https://t.co/NLss47K6‚Ä¶,Wed Apr 18 15:14:39 +0000 2018,0.0903,0.14,0.736,0.125,95
195,CBS,Broadway stars @SaraBareilles and @joshgroban will host @TheTonyAwards on June 10! Hear how these multi-talented ar‚Ä¶ https://t.co/jy52FKd7t0,Wed Apr 18 15:10:34 +0000 2018,0.0,0.0,1.0,0.0,96
196,CBS,Can you believe it‚Äôs been 11 years since @taylorswift13‚Äôs first-ever performance at the #ACMawards?! Look back at t‚Ä¶ https://t.co/QHSPuJLLFb,Tue Apr 17 00:26:33 +0000 2018,0.0,0.0,1.0,0.0,97
197,CBS,Waiting for the @ScorpionCBS season finale to start like‚Ä¶ Tune in at 10/9c! https://t.co/peoDXtO707,Mon Apr 16 23:00:02 +0000 2018,0.0,0.0,1.0,0.0,98
198,CBS,Cast your vote! #ACMawards https://t.co/57ZN5gr6Y1,Mon Apr 16 17:00:04 +0000 2018,0.0,0.0,1.0,0.0,99
199,CBS,RT @CBSTweet: #CBSRatingsNews: #ACMawards Dominate on #CBS.  Over 12 million Total Viewers.  +11% year to year increase!  Biggest audience‚Ä¶,Mon Apr 16 16:02:49 +0000 2018,0.2714,0.123,0.806,0.071,100
200,CNN,"RT @cnnbrk: After Trump reversed his position on a G7 statement, Sen. McCain said to US allies: ""Americans stand with you, even if our Pres‚Ä¶",Sun Jun 10 01:39:24 +0000 2018,0.0,0.0,1.0,0.0,1
201,CNN,News of Anthony Bourdain‚Äôs death shook people around the world. We asked for your stories of how this gifted storyt‚Ä¶ https://t.co/FBT6PiNiuT,Sun Jun 10 01:30:15 +0000 2018,-0.6486,0.0,0.782,0.218,2
202,CNN,"One step on the island of Bermuda, and it's impossible not to be moved by its beauty, history, simplicity and charm‚Ä¶ https://t.co/EFfFTW85e1",Sun Jun 10 01:00:00 +0000 2018,0.5859,0.153,0.847,0.0,3
203,CNN,"As the millions of US children diagnosed with ADHD move into adulthood, more and more are wondering whether to cont‚Ä¶ https://t.co/KyyWswuJUN",Sun Jun 10 00:30:08 +0000 2018,0.0,0.0,1.0,0.0,4
204,CNN,"President Trump calls Canadian Prime Minister Justin Trudeau ""very dishonest and weak,"" accusing him of making ""fal‚Ä¶ https://t.co/fj0JucTrXy",Sun Jun 10 00:03:12 +0000 2018,-0.6901,0.0,0.738,0.262,5
205,CNN,"Does a pharmacy have an obligation to help a patient be sure that insurance will cover a prescription?

That's the‚Ä¶ https://t.co/luJqdfSzRj",Sun Jun 10 00:00:04 +0000 2018,0.6124,0.238,0.762,0.0,6
206,CNN,Construction workers in the UK have found wads of cash dating back to World War II at a shop that once belonged to‚Ä¶ https://t.co/wYZnzHjRli,Sat Jun 09 23:30:13 +0000 2018,-0.5994,0.0,0.849,0.151,7
207,CNN,"Charles Krauthammer, the famed conservative columnist, informed readers that he is confronting an aggressive form o‚Ä¶ https://t.co/xEzj6dMTcl",Sat Jun 09 23:00:05 +0000 2018,-0.296,0.0,0.824,0.176,8
208,CNN,BREAKING: Justify wins the 150th running of the Belmont Stakes to win horse racing‚Äôs 13th Triple Crown https://t.co/TUE8Wwe8FS,Sat Jun 09 22:58:33 +0000 2018,0.8176,0.319,0.681,0.0,9
209,CNN,The race to save the Great Barrier Reef? A coral fertility treatment designed to help damaged parts of the reef is‚Ä¶ https://t.co/3nTj0nA5h9,Sat Jun 09 22:30:05 +0000 2018,0.765,0.329,0.526,0.145,10
210,CNN,"Tyler Soloman wiped tears of joy off his face after his father, who'd been deployed overseas, surprised Tyler by sh‚Ä¶ https://t.co/8rub7aG2Ej",Sat Jun 09 22:15:00 +0000 2018,0.5859,0.223,0.703,0.074,11
211,CNN,News of Anthony Bourdain‚Äôs death shook people around the world. We asked for your stories of how this gifted storyt‚Ä¶ https://t.co/YYJPIxu1zN,Sat Jun 09 22:00:13 +0000 2018,-0.6486,0.0,0.782,0.218,12
212,CNN,"First responders in Russellville, Arkansas, went above and beyond the call of duty to surprise a teen with autism a‚Ä¶ https://t.co/h96qLLu7qu",Sat Jun 09 21:53:00 +0000 2018,0.2732,0.1,0.9,0.0,13
213,CNN,"Danny Kirwan, a guitarist who appeared on five of Fleetwood Mac's albums, died in London on Friday, according to th‚Ä¶ https://t.co/KUwHtJ6ins",Sat Jun 09 21:45:05 +0000 2018,-0.5574,0.0,0.841,0.159,14
214,CNN,JUST IN: Canadian Prime Minister Justin Trudeau says he will impose retaliatory measures to answer President Trump'‚Ä¶ https://t.co/AiVDwmzMvV,Sat Jun 09 21:37:48 +0000 2018,-0.296,0.0,0.885,0.115,15
215,CNN,"Her rare skin condition keeps her indoors, but she braved the sun to walk at graduation https://t.co/ZkdCAXZwUE https://t.co/k6YeRZ6lI0",Sat Jun 09 21:10:05 +0000 2018,0.5927,0.185,0.815,0.0,16
216,CNN,An internal Census Bureau memo sent to Commerce Secretary Wilbur Ross warns that adding a citizenship question to t‚Ä¶ https://t.co/0AZC4nYfN2,Sat Jun 09 21:00:06 +0000 2018,-0.1027,0.0,0.928,0.072,17
217,CNN,Secretary of State Mike Pompeo reiterated US calls for North Korea to completely rid itself of all remnants of its‚Ä¶ https://t.co/3RxJpEMn3K,Sat Jun 09 20:50:07 +0000 2018,0.0,0.0,1.0,0.0,18
218,CNN,Syracuse University has suspended 15 members of a professional fraternity after they appeared in videos that the sc‚Ä¶ https://t.co/X6Bs6DkczE,Sat Jun 09 20:40:09 +0000 2018,-0.4767,0.0,0.846,0.154,19
219,CNN,Porsche's first electric car will be called the Taycan https://t.co/Wxy5sh45nm https://t.co/3m7qXCcg2J,Sat Jun 09 20:30:08 +0000 2018,0.0,0.0,1.0,0.0,20
220,CNN,"There was nobody like Anthony Bourdain, and there was no show like #PartsUnknown. CNN pays tribute with a special n‚Ä¶ https://t.co/9TgJMgP7Kc",Sat Jun 09 20:20:24 +0000 2018,0.6705,0.297,0.618,0.085,21
221,CNN,"President Trump says his relationships with other Western leaders are perfect, but the truth is the transatlantic a‚Ä¶ https://t.co/o0UsVXeClf",Sat Jun 09 20:10:07 +0000 2018,0.6486,0.238,0.762,0.0,22
222,CNN,"Prince Harry and Meghan, Duchess of Sussex, joined celebrations of Queen Elizabeth II's official birthday with the‚Ä¶ https://t.co/c6kvYJ2vwn",Sat Jun 09 20:00:09 +0000 2018,0.0,0.0,1.0,0.0,23
223,CNN,President Trump on the upcoming North Korea meeting: ‚ÄúI really feel confident. I feel that Kim Jong Un wants to do‚Ä¶ https://t.co/9jM2GjrhxU,Sat Jun 09 19:50:34 +0000 2018,0.539,0.148,0.852,0.0,24
224,CNN,"One step on the island of Bermuda, and it's impossible not to be moved by its beauty, history, simplicity and charm‚Ä¶ https://t.co/EOxmxM76Kk",Sat Jun 09 19:40:00 +0000 2018,0.5859,0.153,0.847,0.0,25
225,CNN,"Will we ever fly like the Jetsons? This company just unveiled its first commercial flying car, Flyer ‚Äî and‚Ä¶ https://t.co/bZV351RYJz",Sat Jun 09 19:30:00 +0000 2018,0.3612,0.122,0.878,0.0,26
226,CNN,A man in Texas nearly died after the severed head of a rattlesnake bit him https://t.co/bqHnciUgf3 https://t.co/NmnJLHs3Hz,Sat Jun 09 19:20:09 +0000 2018,-0.7269,0.0,0.681,0.319,27
227,CNN,News of Anthony Bourdain‚Äôs death shook people around the world. We asked for your stories of how this gifted storyt‚Ä¶ https://t.co/lzZyRpT9Co,Sat Jun 09 19:17:02 +0000 2018,-0.6486,0.0,0.782,0.218,28
228,CNN,"Authorities have found the remains of a woman killed by an alligator in Davie, Florida. The woman disappeared Frida‚Ä¶ https://t.co/MlDdA6jk5h",Sat Jun 09 19:10:07 +0000 2018,-0.7506,0.0,0.726,0.274,29
229,CNN,The small (but not insignificant) ways Anthony Bourdain made a difference in the lives of some everyday people‚Ä¶ https://t.co/TMK8f9nYfC,Sat Jun 09 19:00:08 +0000 2018,0.0,0.0,1.0,0.0,30
230,CNN,"In the history of horse racing, only 12 horses have ever won the fabled Triple Crown. But why is this trophy so dif‚Ä¶ https://t.co/gDu0o6AgPX",Sat Jun 09 18:50:01 +0000 2018,0.5719,0.139,0.861,0.0,31
231,CNN,"President Trump, while making remarks at the G7 summit, says he has not spoken to Vladimir Putin in ""quite a while,‚Ä¶ https://t.co/4qmAImsiL4",Sat Jun 09 18:40:00 +0000 2018,0.0,0.0,1.0,0.0,32
232,CNN,This computer can do more calculations per second than the world's population could do in a year‚Ä¶ https://t.co/wqlDQvYF3L,Sat Jun 09 18:30:14 +0000 2018,0.0,0.0,1.0,0.0,33
233,CNN,"At the G7 meeting, President Trump called for an end to tariffs and scolded other countries for using the United St‚Ä¶ https://t.co/KG7SFGii09",Sat Jun 09 18:20:06 +0000 2018,0.4215,0.118,0.882,0.0,34
234,CNN,BlackBerry still hopes its keyboard keeps fans coming back https://t.co/AodQi1CBVV https://t.co/8KbIHW3k74,Sat Jun 09 18:10:00 +0000 2018,0.4215,0.219,0.781,0.0,35
235,CNN,The race to save the Great Barrier Reef? A coral fertility treatment designed to help damaged parts of the reef is‚Ä¶ https://t.co/MD6vhMxOh8,Sat Jun 09 18:00:06 +0000 2018,0.765,0.329,0.526,0.145,36
236,CNN,"What is a tariff? Your trade questions, answered https://t.co/AIJVEEOzHM https://t.co/HT5UJDzzjl",Sat Jun 09 17:50:06 +0000 2018,0.0,0.0,1.0,0.0,37
237,CNN,A Sikh soldier wore a turban in Queen Elizabeth ll's official birthday parade https://t.co/LK0fihnFB2 https://t.co/142baFgcVA,Sat Jun 09 17:40:05 +0000 2018,0.0,0.0,1.0,0.0,38
238,CNN,A former diplomat at the Vatican Embassy in Washington has been indicted by a Vatican court for possession of child‚Ä¶ https://t.co/CSRKlOzeg8,Sat Jun 09 17:27:05 +0000 2018,0.0,0.0,1.0,0.0,39
239,CNN,Simona Halep wins first grand slam title by beating Sloane Stephens at the French Open https://t.co/0tMJbvB40e https://t.co/s3YRroOgXu,Sat Jun 09 17:18:43 +0000 2018,0.2732,0.265,0.514,0.221,40
240,CNN,President Trump doubles down on his call for Russia to be readmitted into the G7 and blames former President Obama‚Ä¶ https://t.co/3zkWB92wwY,Sat Jun 09 16:59:35 +0000 2018,-0.4019,0.0,0.881,0.119,41
241,CNN,The Trump administration's latest attack on Obamacare would gut protections for the sick https://t.co/ikBcCkGeAT https://t.co/ehXI4vF0vc,Sat Jun 09 16:47:11 +0000 2018,-0.7506,0.0,0.67,0.33,42
242,CNN,Construction workers in the UK have found wads of cash dating back to World War II at a shop that once belonged to‚Ä¶ https://t.co/Zuo9XcYf9a,Sat Jun 09 16:36:04 +0000 2018,-0.5994,0.0,0.849,0.151,43
243,CNN,"Anthony Bourdain's fans turned the restaurant where he shot to fame as a chef into a memorial, leaving roses and no‚Ä¶ https://t.co/5fg9y1cERL",Sat Jun 09 16:26:06 +0000 2018,0.4404,0.132,0.868,0.0,44
244,CNN,"Hall of Fame trainer Bob Baffert, who is looking to make history with a win today at the Belmont Stakes, compares h‚Ä¶ https://t.co/sUsVNh98tA",Sat Jun 09 16:14:06 +0000 2018,0.7717,0.251,0.749,0.0,45
245,CNN,"The week began with news of Trump canceling the Philadelphia Eagles' visit to the White House, and ended with news‚Ä¶ https://t.co/H1ILtBxF1W",Sat Jun 09 16:00:03 +0000 2018,0.0,0.0,1.0,0.0,46
246,CNN,Illinois Republicans in Congress are making an urgent plea to President Trump: Don't let Rod Blagojevich off the ho‚Ä¶ https://t.co/L4UPCaV1kD,Sat Jun 09 15:50:29 +0000 2018,0.2023,0.087,0.913,0.0,47
247,CNN,Former Trump campaign chairman Paul Manafort and his attorneys struck back at special counsel Robert Mueller's char‚Ä¶ https://t.co/m4eIhVUiWL,Sat Jun 09 15:38:05 +0000 2018,0.1779,0.13,0.773,0.097,48
248,CNN,"Charles Krauthammer, the famed conservative columnist, informed readers that he is confronting an aggressive form o‚Ä¶ https://t.co/7vTbQ8M6D8",Sat Jun 09 15:27:34 +0000 2018,-0.296,0.0,0.824,0.176,49
249,CNN,"Prince Harry and Meghan, Duchess of Sussex, joined celebrations of Queen Elizabeth II's official birthday with the‚Ä¶ https://t.co/UkiwKzYsxC",Sat Jun 09 15:13:56 +0000 2018,0.0,0.0,1.0,0.0,50
250,CNN,Republicans haven't won statewide in Virginia since 2009. Tuesday's Senate primary shows why:‚Ä¶ https://t.co/xkWpPfkUCE,Sat Jun 09 14:57:06 +0000 2018,-0.4585,0.0,0.813,0.187,51
251,CNN,President Trump says he thinks he‚Äôll know ‚Äúwithin the first minute‚Äù if North Korea is serious about peace‚Ä¶ https://t.co/kRdFefn4fN,Sat Jun 09 14:43:08 +0000 2018,-0.0772,0.0,0.933,0.067,52
252,CNN,"RT @CNNPolitics: Trump: ""I think it would be asset to have Russia back in. I think it would be good for the world. I think it would be good‚Ä¶",Sat Jun 09 14:36:51 +0000 2018,0.6597,0.178,0.822,0.0,53
253,CNN,"""Consumer Financial Protection Bureau acting director Mick Mulvaney has ousted a committed group of experts who vol‚Ä¶ https://t.co/l36frkFEtw",Sat Jun 09 14:30:03 +0000 2018,0.2732,0.116,0.884,0.0,54
254,CNN,President Trump on the upcoming North Korea meeting: ‚ÄúI really feel confident. I feel that Kim Jong Un wants to do‚Ä¶ https://t.co/D0Fi57k3zj,Sat Jun 09 14:24:10 +0000 2018,0.539,0.148,0.852,0.0,55
255,CNN,Things don't look good for Dodge and Chrysler https://t.co/twYdKzCpZ4 https://t.co/9aKZvGnuQG,Sat Jun 09 14:20:07 +0000 2018,-0.3412,0.0,0.789,0.211,56
256,CNN,"President Trump: Trade was ""at the top of the list"" at G7 discussions because ""the United States has been taken adv‚Ä¶ https://t.co/u6247HzPsj",Sat Jun 09 14:18:20 +0000 2018,0.5574,0.187,0.813,0.0,57
257,CNN,President Trump is speaking at the G7 before heading to Singapore for the summit with Kim Jong Un. Watch live on CN‚Ä¶ https://t.co/dNYLQOvVEk,Sat Jun 09 14:16:21 +0000 2018,0.0,0.0,1.0,0.0,58
258,CNN,President Trump is planning to depart the G7 ahead of climate change talks https://t.co/bfFqMKTIrg https://t.co/6PkzSs4guA,Sat Jun 09 14:09:49 +0000 2018,0.0,0.0,1.0,0.0,59
259,CNN,Former President Obama says he‚Äôll always remember the meal he shared with Anthony Bourdain in Vietnam: ‚ÄúHe taught u‚Ä¶ https://t.co/XI67jcoy55,Sat Jun 09 14:01:04 +0000 2018,0.34,0.112,0.888,0.0,60
260,CNN,President Trump's tariffs on steel and aluminum threaten America's booming RV industry https://t.co/FxOEFN6Sx2 https://t.co/zpDj0uGxRI,Sat Jun 09 13:46:07 +0000 2018,-0.3818,0.0,0.833,0.167,61
261,CNN,"What is a tariff? Your trade questions, answered https://t.co/8Fylq20zXj https://t.co/pSfQJhAnZR",Sat Jun 09 13:31:03 +0000 2018,0.0,0.0,1.0,0.0,62
262,CNN,The Duke and Duchess of Sussex celebrate Queen Elizabeth II's official birthday with the traditional Trooping the C‚Ä¶ https://t.co/L2o8IJcNej,Sat Jun 09 13:26:05 +0000 2018,0.5719,0.171,0.829,0.0,63
263,CNN,"One step on the island of Bermuda, and it's impossible not to be moved by its beauty, history, simplicity and charm‚Ä¶ https://t.co/mPpGOqifbk",Sat Jun 09 13:16:00 +0000 2018,0.5859,0.153,0.847,0.0,64
264,CNN,"As the millions of US children diagnosed with ADHD move into adulthood, more and more are wondering whether to cont‚Ä¶ https://t.co/Qs5xlj8fwK",Sat Jun 09 13:01:05 +0000 2018,0.0,0.0,1.0,0.0,65
265,CNN,"Fans around the world mourn chef and storyteller Anthony Bourdain, sharing memories of how his travels, food and co‚Ä¶ https://t.co/jiW8HhY9ia",Sat Jun 09 12:53:19 +0000 2018,0.0,0.119,0.763,0.119,66
266,CNN,"Does a pharmacy have an obligation to help a patient be sure that insurance will cover a prescription?

That's the‚Ä¶ https://t.co/2Jxsnx7cI0",Sat Jun 09 12:46:08 +0000 2018,0.6124,0.238,0.762,0.0,67
267,CNN,Twitter has had a stunning turnaround https://t.co/hzutT84IrC https://t.co/AK7R50K5mh,Sat Jun 09 12:31:06 +0000 2018,0.3818,0.302,0.698,0.0,68
268,CNN,IHOP says it's changing name to IHOb. Many major companies also have rebranded ‚Äî some successfully and some not so‚Ä¶ https://t.co/Xz5NjtpaqH,Sat Jun 09 12:16:00 +0000 2018,0.4939,0.144,0.856,0.0,69
269,CNN,Mars is suddenly more interesting | By Jonathan Lunine via @CNNOpinion https://t.co/EA2ETHIldR https://t.co/fgmZax7nwV,Sat Jun 09 12:01:03 +0000 2018,0.4576,0.214,0.786,0.0,70
270,CNN,Construction workers in the UK have found wads of cash dating back to World War II at a shop that once belonged to‚Ä¶ https://t.co/TYdsjSziK7,Sat Jun 09 11:52:04 +0000 2018,-0.5994,0.0,0.849,0.151,71
271,CNN,"During her commencement address to the MIT Class of 2018, Facebook COO Sheryl Sandberg spoke candidly about Faceboo‚Ä¶ https://t.co/hznkJTzAPH",Sat Jun 09 11:46:00 +0000 2018,0.0,0.0,1.0,0.0,72
272,CNN,"Charles Krauthammer, the famed conservative columnist, informed readers that he is confronting an aggressive form o‚Ä¶ https://t.co/H6R3LykoER",Sat Jun 09 11:31:05 +0000 2018,-0.296,0.0,0.824,0.176,73
273,CNN,"Will we ever fly like the Jetsons? This company just unveiled its first commercial flying car, Flyer ‚Äî and‚Ä¶ https://t.co/uRJsH7yPmG",Sat Jun 09 11:16:00 +0000 2018,0.3612,0.122,0.878,0.0,74
274,CNN,The race to save the Great Barrier Reef? A coral fertility treatment designed to help damaged parts of the reef is‚Ä¶ https://t.co/AGpnS1dn0C,Sat Jun 09 11:01:06 +0000 2018,0.765,0.329,0.526,0.145,75
275,CNN,"Organizers of a fashion show in Saudi Arabia used drones to display female clothes, drawing ridicule on social medi‚Ä¶ https://t.co/cgo5HTjIJd",Sat Jun 09 10:31:49 +0000 2018,-0.4588,0.0,0.857,0.143,76
276,CNN,"From delivery to aviation, Dubai is at the forefront of drone experimentation. Here's a look at what the future hol‚Ä¶ https://t.co/IZMve8IRLb",Sat Jun 09 10:16:00 +0000 2018,0.0,0.0,1.0,0.0,77
277,CNN,Are windowless planes the future of travel? https://t.co/Fjc2m6WgtG https://t.co/ux29QpKXWA,Sat Jun 09 10:01:03 +0000 2018,0.0,0.0,1.0,0.0,78
278,CNN,"Hurricanes and tropical storms are moving more slowly around the planet, resulting in higher rainfall and more extr‚Ä¶ https://t.co/8qyqjq9IGd",Sat Jun 09 09:31:04 +0000 2018,0.0,0.0,1.0,0.0,79
279,CNN,"The Afghan Taliban called for a three-day ceasefire with Afghan forces over the Eid al-Fitr holiday, a move that fo‚Ä¶ https://t.co/BLmTAtjmRg",Sat Jun 09 09:29:10 +0000 2018,0.4019,0.13,0.87,0.0,80
280,CNN,"Tyler Soloman wiped tears of joy off his face after his father, who'd been deployed overseas, surprised Tyler by sh‚Ä¶ https://t.co/uzD0GNZH2P",Sat Jun 09 09:16:00 +0000 2018,0.5859,0.223,0.703,0.074,81
281,CNN,"Penguins, Seals, and Krill: Antarctica's fragile food chain | via @CNNVR https://t.co/1BBRFfOzWk https://t.co/G46D0CB0wY",Sat Jun 09 09:01:21 +0000 2018,0.0,0.0,1.0,0.0,82
282,CNN,Anthony Bourdain's life in pictures https://t.co/76sjWPlMRR https://t.co/MtFAqaoDvC,Sat Jun 09 08:31:08 +0000 2018,0.0,0.0,1.0,0.0,83
283,CNN,"The US Embassy in Mozambique has warned of ""imminent attacks"" against government and commercial centers in a northe‚Ä¶ https://t.co/EoDJsFFoOM",Sat Jun 09 08:29:13 +0000 2018,-0.6124,0.0,0.762,0.238,84
284,CNN,Egypt is building The Grand Egyptian Museum. The cost? More than $1 billion. It will re-house and restore some of t‚Ä¶ https://t.co/R5c8mOlfrv,Sat Jun 09 08:16:00 +0000 2018,0.6369,0.206,0.794,0.0,85
285,CNN,The Justice Department won't defend the Deferred Action for Childhood Arrivals program in a federal lawsuit that Te‚Ä¶ https://t.co/0IJPEuEAF0,Sat Jun 09 08:05:06 +0000 2018,0.3612,0.16,0.751,0.089,86
286,CNN,President Trump is dressed as a king on the new Time magazine cover https://t.co/7pFcAHVSIF https://t.co/joUPfVBvUY,Sat Jun 09 08:01:09 +0000 2018,0.0,0.0,1.0,0.0,87
287,CNN,"First responders in Russellville, Arkansas, went above and beyond the call of duty to surprise a teen with autism a‚Ä¶ https://t.co/QtTP3JEFVL",Sat Jun 09 07:46:00 +0000 2018,0.2732,0.1,0.9,0.0,88
288,CNN,The world's highest glass bridge will soon be home to the world's highest bungee jump https://t.co/fAaotSRizW via‚Ä¶ https://t.co/t4WbdUBMFL,Sat Jun 09 07:31:08 +0000 2018,0.0,0.0,1.0,0.0,89
289,CNN,"Steamboat Geyser in Yellowstone National Park is erupting unusually often. One June 4, the geyser had its eighth er‚Ä¶ https://t.co/kzJPr5HFmj",Sat Jun 09 07:16:00 +0000 2018,0.0,0.0,1.0,0.0,90
290,CNN,"Researchers are looking into the possibility of using blood tests to predict a woman's risk of premature birth, whi‚Ä¶ https://t.co/vJZFkJZz7U",Sat Jun 09 07:01:07 +0000 2018,-0.2732,0.0,0.896,0.104,91
291,CNN,Watch these homes being built using a 3D printer https://t.co/igaBP4k4F8 https://t.co/cpQ97vRD2k,Sat Jun 09 06:46:00 +0000 2018,0.0,0.0,1.0,0.0,92
292,CNN,KFC says it will break with its meat-loving tradition and begin testing a vegetarian alternative to chicken later t‚Ä¶ https://t.co/WfVJGm649F,Sat Jun 09 06:31:07 +0000 2018,0.0,0.0,1.0,0.0,93
293,CNN,This Army soldier traveled from Iraq for his daughter‚Äôs graduation and surprised her at the rehearsal‚Ä¶ https://t.co/5UKjPCDo5W,Sat Jun 09 06:16:00 +0000 2018,0.2263,0.106,0.894,0.0,94
294,CNN,This is the poem a kindergarten teacher hung up so her students know what to do in a school shooting‚Ä¶ https://t.co/Tf587ohFnZ,Sat Jun 09 06:01:07 +0000 2018,0.0,0.0,1.0,0.0,95
295,CNN,Ever felt like your vacation would make a good blockbuster movie? This tour company aims to capture your travel exp‚Ä¶ https://t.co/DsmmE2rdJx,Sat Jun 09 05:46:00 +0000 2018,0.8519,0.354,0.646,0.0,96
296,CNN,This delivery man is being praised for taking a welcome mat's quirky instructions literally https://t.co/JTIKQxzCvS https://t.co/rZCmomGUOb,Sat Jun 09 05:16:00 +0000 2018,0.7351,0.323,0.677,0.0,97
297,CNN,Organic matter has been found on Mars in soil samples the Curiosity rover took from 3 billion-year-old mudstone in‚Ä¶ https://t.co/QrC1BQMFkl,Sat Jun 09 05:01:04 +0000 2018,0.0258,0.058,0.942,0.0,98
298,CNN,BlackBerry still hopes its keyboard keeps fans coming back https://t.co/AodQi1UcNt https://t.co/r2CaKtagX7,Sat Jun 09 04:46:00 +0000 2018,0.4215,0.219,0.781,0.0,99
299,CNN,"Venezuela ranks as the most dangerous country in the world for the second straight year, according to a new Gallup‚Ä¶ https://t.co/ywDhdCxqJn",Sat Jun 09 04:31:04 +0000 2018,-0.3597,0.082,0.773,0.146,100
300,FoxNews,".@ChristopherHahn on NK summit: ""I hope @realDonaldTrump gets along better with Kim Jong Un than he did with‚Ä¶ https://t.co/90m2HxniCb",Sun Jun 10 01:40:32 +0000 2018,0.7003,0.254,0.746,0.0,1
301,FoxNews,".@DarrellIssa: ""[@POTUS] has a great deal of common sense to know that everything we tried for 67 years doesn't wor‚Ä¶ https://t.co/fYGu6PX2kk",Sun Jun 10 01:38:15 +0000 2018,0.6249,0.177,0.823,0.0,2
302,FoxNews,".@DarrellIssa: ""One of the challenges that other presidents faced that [@POTUS] doesn't is they wanna be seen in hi‚Ä¶ https://t.co/2SGKqO8TQB",Sun Jun 10 01:37:20 +0000 2018,0.0772,0.064,0.936,0.0,3
303,FoxNews,".@hogangidley45 on illegal immigrant crime statistics: ""The sad part is, these crimes are 100 percent preventable.‚Ä¶ https://t.co/Z1nEuAnR2h",Sun Jun 10 01:32:57 +0000 2018,-0.8807,0.0,0.579,0.421,4
304,FoxNews,".@hogangidley45 on illegal immigrant crime statistics: ""We are not getting the best of the best from these other co‚Ä¶ https://t.co/Vlqp9bH3CE",Sun Jun 10 01:30:12 +0000 2018,-0.9305,0.0,0.536,0.464,5
305,FoxNews,".@hogangidley45 on @dennisrodman supporting @POTUS: ""[Dennis Rodman] knows what's best, I'll give him that, because‚Ä¶ https://t.co/mTQsizi2LQ",Sun Jun 10 01:26:52 +0000 2018,0.7964,0.336,0.664,0.0,6
306,FoxNews,SUNDAY: @BretBaier is live in Singapore ahead of President @realDonaldTrump‚Äôs historic summit with North Korean lea‚Ä¶ https://t.co/QHl8nHgfyM,Sun Jun 10 01:25:00 +0000 2018,0.0,0.0,1.0,0.0,7
307,FoxNews,".@hogangidley45: ""So many people on the Left hate this president more than they love this country.""  @JudgeJeanine https://t.co/UIkcGTklSc",Sun Jun 10 01:23:47 +0000 2018,0.1935,0.185,0.662,0.153,8
308,FoxNews,".@JudgeJeanine: ""@realDonaldTrump is bringing America back in front of our eyes and it's time for the unAmerican ha‚Ä¶ https://t.co/LyLZpFj6Rn",Sun Jun 10 01:18:44 +0000 2018,0.0,0.0,1.0,0.0,9
309,FoxNews,Couple gets engaged at Trader Joe‚Äôs during ‚Äòmillennial grocery tour‚Äô https://t.co/9NLYqzwzdz,Sun Jun 10 01:10:00 +0000 2018,0.4019,0.213,0.787,0.0,10
310,FoxNews,".@realDonaldTrump slams Canadian PM as 'dishonest and weak,' pulls back on G-7 communique endorsement https://t.co/CyHjtR10cz",Sun Jun 10 01:06:03 +0000 2018,-0.34,0.121,0.684,0.195,11
311,FoxNews,"Ahead of the North Korea summit, @VP Mike Pence said he assured Otto Warmbier's family that their son ""will not hav‚Ä¶ https://t.co/wGvqt2XNnd",Sun Jun 10 01:03:09 +0000 2018,0.3612,0.106,0.894,0.0,12
312,FoxNews,"TSA searches 96-year-old woman in wheelchair in viral video, sparking outrage https://t.co/ruX7CBshrg",Sun Jun 10 01:01:00 +0000 2018,-0.5106,0.0,0.769,0.231,13
313,FoxNews,#Trump says US is like a 'piggy bank that everybody is robbing' on trade https://t.co/PK8qw7lxvW,Sun Jun 10 00:59:12 +0000 2018,0.3612,0.161,0.839,0.0,14
314,FoxNews,".@RepMattGaetz: ""This is Donald Trump's America. It's the Trump economy, it's roaring. People are confident, busine‚Ä¶ https://t.co/wZMGzvhYgi",Sun Jun 10 00:48:12 +0000 2018,0.4939,0.167,0.833,0.0,15
315,FoxNews,".@RepMattGaetz: ""As Republicans, we love when @NancyPelosi talks about the economy."" @WattersWorld https://t.co/cCIxsAm8NV",Sun Jun 10 00:46:12 +0000 2018,0.6369,0.259,0.741,0.0,16
316,FoxNews,".@KellyannePolls: ""It's through the president's leadership and stewardship that @SecPompeo has been over to North K‚Ä¶ https://t.co/CqUyx8gzuR",Sun Jun 10 00:41:22 +0000 2018,0.0,0.0,1.0,0.0,17
317,FoxNews,".@KellyannePolls: ""[President @realDonaldTrump is] very open to differing opinions and viewpoints. He's a master ne‚Ä¶ https://t.co/z7mDmPDjMi",Sun Jun 10 00:34:42 +0000 2018,0.0,0.0,1.0,0.0,18
318,FoxNews,Jockey Mike Smith celebrates atop of Justify after winning the coveted Triple Crown at the Belmont Stakes.‚Ä¶ https://t.co/lUG6e16WfK,Sun Jun 10 00:30:54 +0000 2018,0.7964,0.307,0.693,0.0,19
319,FoxNews,SUNDAY: Don‚Äôt miss @FoxNewsSunday from Singapore ahead of President @realDonaldTrump‚Äôs historic meeting with North‚Ä¶ https://t.co/cF2Y1xLD4Y,Sun Jun 10 00:30:00 +0000 2018,-0.1531,0.0,0.897,0.103,20
320,FoxNews,".@jasonsehorn on national anthem protests: ""Their actual message of what they're trying to get across is being lost‚Ä¶ https://t.co/KO4yaWJG4Y",Sun Jun 10 00:20:34 +0000 2018,-0.2263,0.0,0.905,0.095,21
321,FoxNews,"Former @NFL player @JackBrewerBSI: ""We're all Americans. We're in the same family. Families fight, families quarrel‚Ä¶ https://t.co/hswCr90kiS",Sun Jun 10 00:12:34 +0000 2018,-0.3818,0.0,0.86,0.14,22
322,FoxNews,OPINION: Justify‚Äôs Triple Crown win brings us together to admire an uncommonly gifted horse https://t.co/4nIf9mv4Wz,Sun Jun 10 00:05:47 +0000 2018,0.7845,0.347,0.653,0.0,23
323,FoxNews,"Earlier, President @realDonaldTrump accused Canadian Prime Minister @JustinTrudeau of making ""false statements"" at‚Ä¶ https://t.co/oUPeNM1BJv",Sun Jun 10 00:00:24 +0000 2018,-0.296,0.0,0.855,0.145,24
324,FoxNews,.@VP reassures family of Otto Warmbier ahead of North Korea summit https://t.co/t0jwuWxjHx,Sat Jun 09 23:54:29 +0000 2018,0.3612,0.185,0.815,0.0,25
325,FoxNews,.@replouiegohmert: ‚ÄúRobert Mueller has done more damage during his 12 years as FBI director than‚Ä¶ probably all the‚Ä¶ https://t.co/u1rce2rGvi,Sat Jun 09 23:32:44 +0000 2018,-0.5413,0.0,0.837,0.163,26
326,FoxNews,"Nile Gardiner: ""You have protectionist tariffs on both sides of the Atlantic, from the United States but also from‚Ä¶ https://t.co/5TM7aYOQhS",Sat Jun 09 23:03:37 +0000 2018,0.2263,0.091,0.909,0.0,27
327,FoxNews,"BREAKING: Justify wins the Belmont Stakes, earning the coveted Triple Crown https://t.co/EEHEgMVywm https://t.co/vjiT9IgcDg",Sat Jun 09 22:56:42 +0000 2018,0.5719,0.236,0.764,0.0,28
328,FoxNews,"Nile Gardiner on tariff tensions: ""You have all the makings right now for a trade war."" https://t.co/iAdue9Nmav https://t.co/l3NIirukYK",Sat Jun 09 22:52:49 +0000 2018,-0.4019,0.0,0.856,0.144,29
329,FoxNews,Taliban announce cease-fire over Eid holiday for 1st time https://t.co/LCHkJcQMW3,Sat Jun 09 22:48:34 +0000 2018,0.4019,0.231,0.769,0.0,30
330,FoxNews,".@VP on Otto Warmbier: ""Today I assured his dad as [@POTUS] said two days ago, their beloved son Otto Warmbier will‚Ä¶ https://t.co/ZWPmRWK0Fj",Sat Jun 09 22:38:46 +0000 2018,0.7003,0.234,0.766,0.0,31
331,FoxNews,".@VP on North Korea summit: ""So America, let's pray for [@POTUS] and let's pray for peace for the Korean people and‚Ä¶ https://t.co/ODJl1K4kfh",Sat Jun 09 22:37:22 +0000 2018,0.8238,0.312,0.688,0.0,32
332,FoxNews,".@VP on North Korea summit: ""We will not repeat the mistakes of the past."" https://t.co/vkdzKjHLD1",Sat Jun 09 22:35:24 +0000 2018,0.2755,0.131,0.869,0.0,33
333,FoxNews,".@VP: ""As President @realDonaldTrump embarks on this historic quest for peace, I can assure you that he also goes w‚Ä¶ https://t.co/0kzlNxMy53",Sat Jun 09 22:33:28 +0000 2018,0.7096,0.247,0.753,0.0,34
334,FoxNews,".@VP on Singapore summit: ""After years of failed policies and broken promises last year, President @realDonaldTrump‚Ä¶ https://t.co/M1kPHystbo",Sat Jun 09 22:31:23 +0000 2018,-0.5859,0.113,0.609,0.278,35
335,FoxNews,".@VP on North Korea summit: ""Our president is going into this summit with his eyes wide open."" https://t.co/wOy8M4d88p",Sat Jun 09 22:31:09 +0000 2018,0.0,0.0,1.0,0.0,36
336,FoxNews,".@VP on North Korea summit: ""The truth is, [@realDonaldTrump] has been preparing for this his whole life."" https://t.co/xe4EOjiKsK",Sat Jun 09 22:29:49 +0000 2018,0.3182,0.119,0.881,0.0,37
337,FoxNews,".@VP: ""[@POTUS] spent the last two days at the G7 summit in Canada putting America first."" https://t.co/tWO4i7PqEx",Sat Jun 09 22:25:05 +0000 2018,0.0,0.0,1.0,0.0,38
338,FoxNews,".@VP: ""I want to begin tonight by bringing greetings from a leader who's been delivering every day on his promise t‚Ä¶ https://t.co/czUfsg6Edj",Sat Jun 09 22:22:26 +0000 2018,0.6597,0.262,0.738,0.0,39
339,FoxNews,".@VP Mike Pence delivers keynote remarks at the close of the 2018 Faith &amp; Freedom Coalition ""Road to Majority."" https://t.co/JWcCBVCjx1",Sat Jun 09 22:15:04 +0000 2018,0.7906,0.28,0.72,0.0,40
340,FoxNews,"TOMORROW: Don't miss a brand new ""Life, Liberty, &amp; Levin"" with @marklevinshow - Tune in at 10p ET on Fox News Chann‚Ä¶ https://t.co/JloyPLb79c",Sat Jun 09 22:12:00 +0000 2018,0.5919,0.203,0.797,0.0,41
341,FoxNews,"SeaWorld getting rid of plastic straws, plastic bags at all US parks https://t.co/o5sCVFney1",Sat Jun 09 22:09:43 +0000 2018,0.0,0.0,1.0,0.0,42
342,FoxNews,".@RCamposDuffy: ""Republicans and especially Republican women and Republican or conservative minorities have always‚Ä¶ https://t.co/D6p9iIR1QB",Sat Jun 09 22:05:43 +0000 2018,0.0,0.0,1.0,0.0,43
343,FoxNews,"Lou Holtz on @Eagles controversy: ""The locker room belongs to the players of the @NFL. They can say anything they w‚Ä¶ https://t.co/n3NNBJA2O7",Sat Jun 09 21:59:10 +0000 2018,0.0,0.0,1.0,0.0,44
344,FoxNews,".@POTUS: ""The power to pardon is a beautiful thing. You got to get it right, you got to get the right people.""‚Ä¶ https://t.co/kJoxSdfmxm",Sat Jun 09 21:48:00 +0000 2018,0.7351,0.237,0.763,0.0,45
345,FoxNews,OPINION: There's just one way to marry the right person (and anyone can do it) https://t.co/yqcYBoKZ8w,Sat Jun 09 21:41:00 +0000 2018,0.0,0.0,1.0,0.0,46
346,FoxNews,".@Mark_Penn on the Mueller probe: ""I think our Constitution is being stepped on."" https://t.co/WU779vQZHl",Sat Jun 09 21:39:41 +0000 2018,0.0,0.0,1.0,0.0,47
347,FoxNews,"Belmont Stakes' Triple Crown contender, start time, odds and everything else about the horse race https://t.co/6SDuqSRpPJ",Sat Jun 09 21:35:06 +0000 2018,0.128,0.091,0.909,0.0,48
348,FoxNews,".@POTUS: ""The U.S. press is very dishonest, much of it, not all of it."" https://t.co/wRY77Xrqxz",Sat Jun 09 21:32:10 +0000 2018,-0.6115,0.0,0.778,0.222,49
349,FoxNews,U.S. Markets - So far this year. https://t.co/dXBWkXeAc2,Sat Jun 09 21:28:31 +0000 2018,0.0,0.0,1.0,0.0,50
350,FoxNews,.@SteveHiltonx: Trump‚Äôs criticism of G-7 is ‚Äòunprecedented‚Äô scream the elite -- That‚Äôs the whole point of Trump! https://t.co/ZwoJG4yXGb,Sat Jun 09 21:17:59 +0000 2018,-0.7088,0.0,0.731,0.269,51
351,FoxNews,President @realDonaldTrump is on his way to Singapore for a historic meeting with North Korean leader Kim Jong Un.‚Ä¶ https://t.co/f5vz9YYXXE,Sat Jun 09 21:11:20 +0000 2018,0.0,0.0,1.0,0.0,52
352,FoxNews,"Florida woman's body found after gator attack, officials say https://t.co/5zyQqG9a32",Sat Jun 09 21:03:40 +0000 2018,-0.4767,0.0,0.744,0.256,53
353,FoxNews,".@kayleighmcenany: ""Where are the feminists, also, I want to ask - where are the Elizabeth Warrens, where are the H‚Ä¶ https://t.co/6cSwtVG0OG",Sat Jun 09 20:58:00 +0000 2018,0.0772,0.067,0.933,0.0,54
354,FoxNews,"President @realDonaldTrump promises ""America First"" throughout 2016. https://t.co/loUFH6m9i3",Sat Jun 09 20:53:00 +0000 2018,0.3818,0.271,0.729,0.0,55
355,FoxNews,German Chancellor Angela Merkel speaks with President @realDonaldTrump during proceedings on the sidelines of the o‚Ä¶ https://t.co/3ObHBAyhun,Sat Jun 09 20:49:26 +0000 2018,0.0,0.0,1.0,0.0,56
356,FoxNews,"Moments ago, President @realDonaldTrump praised the prime minister of Italy, @GiuseppeConteIT. https://t.co/xR842BvOcu",Sat Jun 09 20:47:39 +0000 2018,0.4939,0.225,0.775,0.0,57
357,FoxNews,".@conservmillen on G7 summit: ""Our GDP is bigger than all of theirs combined and they do need us more than we need‚Ä¶ https://t.co/6zOc7YyliG",Sat Jun 09 20:43:46 +0000 2018,0.0,0.0,1.0,0.0,58
358,FoxNews,".@kayleighmcenany: ""@FLOTUS has the trust and the love of the American people - she has a 57% approval rating. Mean‚Ä¶ https://t.co/hoWeWMNEQX",Sat Jun 09 20:42:54 +0000 2018,0.891,0.398,0.602,0.0,59
359,FoxNews,Trump says US is like a 'piggy bank that everybody is robbing' on trade https://t.co/PK8qw7lxvW,Sat Jun 09 20:35:30 +0000 2018,0.3612,0.161,0.839,0.0,60
360,FoxNews,RT @EricShawnTV: I anchor @FoxNews starting at 5 pm EDT with @ArthelNeville: What @POTUS @realDonaldTrump should say to Kim Jong-un. @MIT's‚Ä¶,Sat Jun 09 20:34:17 +0000 2018,0.0,0.0,1.0,0.0,61
361,FoxNews,Eunice Gayson first-ever Bond Girl dead at 90 https://t.co/BzfcRHNxu8,Sat Jun 09 20:12:00 +0000 2018,-0.6486,0.0,0.65,0.35,62
362,FoxNews,"At his press briefing today, President @realDonaldTrump slammed his presidential predecessor for ""allow[ing] Russia‚Ä¶ https://t.co/BpMwYh65k5",Sat Jun 09 20:07:00 +0000 2018,0.0,0.0,1.0,0.0,63
363,FoxNews,OPINION: Newest Mars discovery tells us something miraculous about Earth https://t.co/mcATE1PRIl,Sat Jun 09 20:01:00 +0000 2018,0.0,0.0,1.0,0.0,64
364,FoxNews,.@realDonaldTrump doubles down on calls to include Russia in G-7: 'We're not looking to play games' https://t.co/nob4MbUZWM,Sat Jun 09 19:55:00 +0000 2018,-0.2584,0.0,0.887,0.113,65
365,FoxNews,.@seanhannity Praises Trump's Tough NoKo Action After 'Weak and Feckless' Obama Leadership   https://t.co/Q2Uj18acfS,Sat Jun 09 19:49:00 +0000 2018,0.0,0.191,0.562,0.247,66
366,FoxNews,Veteran claims his stolen Facebook photos were used to catfish 30 women during deployment https://t.co/YAuENcd5SL,Sat Jun 09 19:42:46 +0000 2018,-0.4939,0.0,0.814,0.186,67
367,FoxNews,".@marykissel: ""A success in Singapore would be to get the [Kim] regime to commit to complete, irreversible and veri‚Ä¶ https://t.co/R3KDjQXhmU",Sat Jun 09 19:37:46 +0000 2018,0.6249,0.239,0.688,0.073,68
368,FoxNews,SUNDAY: Don‚Äôt miss @FoxNewsSunday from Singapore ahead of President @realDonaldTrump‚Äôs historic meeting with North‚Ä¶ https://t.co/tyhBYdJ4jm,Sat Jun 09 19:29:00 +0000 2018,-0.1531,0.0,0.897,0.103,69
369,FoxNews,"David Rivkin on @POTUS' power to self pardon: ""To say the president is above the law begs the question of what the‚Ä¶ https://t.co/mgJPUNXWcz",Sat Jun 09 19:21:16 +0000 2018,0.3182,0.095,0.905,0.0,70
370,FoxNews,".@POTUS: ""I do have an absolute right to pardon myself, but I'll never have to do it because I didn't do anything w‚Ä¶ https://t.co/bOUqiZ0R50",Sat Jun 09 19:16:27 +0000 2018,0.1655,0.07,0.93,0.0,71
371,FoxNews,Holocaust survivor who consoled Anne Frank dies https://t.co/mw0VdtPNgI,Sat Jun 09 19:10:00 +0000 2018,0.3612,0.263,0.737,0.0,72
372,FoxNews,".@SeanHannity: ""President @BarackObama left Trump with unfettered international disaster after disaster."" #Hannity https://t.co/0lJuEwysLF",Sat Jun 09 19:02:20 +0000 2018,-0.6249,0.0,0.745,0.255,73
373,FoxNews,Republicans may have won the optics war on Congress' summer recess fight https://t.co/b1wIL2Onb0,Sat Jun 09 18:56:32 +0000 2018,-0.4215,0.183,0.495,0.322,74
374,FoxNews,"President @realDonaldTrump: ""Who are you with out of curiosity?""

Reporter: ""CNN.""

@POTUS: ""I figured - Fake News‚Ä¶ https://t.co/yXZpAqd07M",Sat Jun 09 18:46:34 +0000 2018,-0.4767,0.0,0.838,0.162,75
375,FoxNews,"'Jersey Shore' star Mike 'The Situation' Sorrentino will face tax evasion sentencing this fall
https://t.co/Hnfrd4ZLLb",Sat Jun 09 18:39:20 +0000 2018,-0.1531,0.0,0.897,0.103,76
376,FoxNews,"At his press briefing, President @realDonaldTrump said that the U.S. would no longer be a piggy bank robbed by othe‚Ä¶ https://t.co/WAwm8Fld4P",Sat Jun 09 18:36:00 +0000 2018,-0.296,0.0,0.896,0.104,77
377,FoxNews,Trump says US is like a 'piggy bank that everybody is robbing' on trade https://t.co/iAdue9Nmav https://t.co/ew7uxi8JFW,Sat Jun 09 18:34:04 +0000 2018,0.3612,0.152,0.848,0.0,78
378,FoxNews,Texas border patrol agents find 6 illegal immigrants trapped inside cabinets https://t.co/r5ANi7t94m,Sat Jun 09 18:27:42 +0000 2018,-0.7906,0.0,0.562,0.438,79
379,FoxNews,SUNDAY: @BretBaier is live in Singapore ahead of President @realDonaldTrump‚Äôs historic summit with North Korean lea‚Ä¶ https://t.co/Z9gEu1Zqo2,Sat Jun 09 18:20:08 +0000 2018,0.0,0.0,1.0,0.0,80
380,FoxNews,".@RepMcSally: ""@POTUS has made it clear that we will not tolerate them having a nuclear weapon that can hold a U.S.‚Ä¶ https://t.co/Z9kwm68cBa",Sat Jun 09 18:19:00 +0000 2018,0.1027,0.114,0.789,0.096,81
381,FoxNews,".@GrecianFormula on NK summit: ""My fear here is, I do not want [@POTUS] to give Kim Jong Un that handshake that wil‚Ä¶ https://t.co/2BcF4gR3s9",Sat Jun 09 18:16:48 +0000 2018,-0.5302,0.0,0.819,0.181,82
382,FoxNews,.@MittRomney predicts a @realDonaldTrump win in 2020. https://t.co/FtXsikIvlB https://t.co/W2EHQ9eAw5,Sat Jun 09 18:14:09 +0000 2018,0.5859,0.352,0.648,0.0,83
383,FoxNews,"Florida Revokes Hundreds of Gun Permits After Background Check Error
https://t.co/4RteHthrjk",Sat Jun 09 18:03:13 +0000 2018,-0.6249,0.0,0.638,0.362,84
384,FoxNews,"On @foxandfriends, @RCamposDuffy praised @FLOTUS Melania Trump in the wake of constant media scrutiny.‚Ä¶ https://t.co/t4wxgWO0Qz",Sat Jun 09 17:58:00 +0000 2018,0.4939,0.186,0.814,0.0,85
385,FoxNews,".@kimguilfoyle on NK summit: ""With somebody like @POTUS who thinks out of the box...everything is on the table [unt‚Ä¶ https://t.co/uFk6mAOEmC",Sat Jun 09 17:55:11 +0000 2018,0.3612,0.116,0.884,0.0,86
386,FoxNews,"Mike Kerrigan: I thought I had enough friends, then a stranger did this on my flight home https://t.co/xZNBnn26ZS",Sat Jun 09 17:46:52 +0000 2018,0.4767,0.181,0.819,0.0,87
387,FoxNews,.@replouiegohmert Slams Russia Probe Spending: Mueller Has 'Absolutely Blown Taxpayer Dollars' https://t.co/Xe5BeKp6Cd,Sat Jun 09 17:36:01 +0000 2018,0.0,0.0,1.0,0.0,88
388,FoxNews,Love and leaks: Wolfe-Watkins latest couple to draw scrutiny for loose lips and tips https://t.co/E3h48prv3z,Sat Jun 09 17:30:45 +0000 2018,0.4404,0.215,0.667,0.118,89
389,FoxNews,Fox News Poll: Will North Korea give up nukes? https://t.co/3x4UVwUihL,Sat Jun 09 17:26:00 +0000 2018,0.0,0.0,1.0,0.0,90
390,FoxNews,Border arrests spike. https://t.co/bxJVEDbIZi https://t.co/cGj9ea65Ui,Sat Jun 09 17:25:26 +0000 2018,-0.4404,0.0,0.58,0.42,91
391,FoxNews,".@TheRealJohnHCox: ""@GavinNewsom is Exhibit A in craven politicians."" https://t.co/b6mIxZLEPQ",Sat Jun 09 17:21:21 +0000 2018,0.0,0.0,1.0,0.0,92
392,FoxNews,Fox News Poll: Should @POTUS meet with North Korean leader Kim Jong Un? https://t.co/9QBv5OO5bg,Sat Jun 09 17:15:07 +0000 2018,0.0,0.0,1.0,0.0,93
393,FoxNews,".@RCamposDuffy: ""Republicans and especially Republican women and Republican or conservative minorities have always‚Ä¶ https://t.co/TcO81nMnJ7",Sat Jun 09 17:06:05 +0000 2018,0.0,0.0,1.0,0.0,94
394,FoxNews,Home Depot employee in Florida allegedly attacked by shopper's pet spider monkey https://t.co/gvqJD9UaOB,Sat Jun 09 17:04:03 +0000 2018,-0.4588,0.0,0.8,0.2,95
395,FoxNews,"ABC apologizes for controversial ‚ÄòQuantico‚Äô episode, defends star Priyanka Chopra https://t.co/4sh2B6JvhK",Sat Jun 09 17:01:29 +0000 2018,0.1779,0.188,0.677,0.135,96
396,FoxNews,".@replouiegohmert: ""Robert Mueller has done more damage during his 12 years as FBI Director than... probably all th‚Ä¶ https://t.co/eZePn5ltKz",Sat Jun 09 16:55:48 +0000 2018,-0.5413,0.0,0.837,0.163,97
397,FoxNews,".@RealDeanCain: ""I stand for the anthem. I would never kneel for the anthem."" https://t.co/XIXO0UeJmR",Sat Jun 09 16:55:00 +0000 2018,0.0,0.0,1.0,0.0,98
398,FoxNews,Do you agree with @SenSanders? https://t.co/jixhab3nlt,Sat Jun 09 16:49:31 +0000 2018,0.3612,0.333,0.667,0.0,99
399,FoxNews,"MONDAY: Don‚Äôt miss three hours of ‚ÄòAmerica‚Äôs Newsroom‚Äô with @BillHemmer and @SandraSmithFox, starting at 9a ET on F‚Ä¶ https://t.co/A0OfAH4QPo",Sat Jun 09 16:39:04 +0000 2018,-0.1531,0.0,0.918,0.082,100
400,nytimes,"Trudeau sought to play down personal clashes with Trump as he wrapped up the G-7 summit, saying he leaves ‚Äúinspired‚Ä¶ https://t.co/gY0bzq4klo",Sun Jun 10 01:35:50 +0000 2018,0.34,0.107,0.893,0.0,1
401,nytimes,Nick Cave Wants You to Work It Out on the Dance Floor https://t.co/GMPPrGqLh7,Sun Jun 10 01:30:41 +0000 2018,0.0,0.0,1.0,0.0,2
402,nytimes,"Janelle Mon√°e brings a pair of big fuzzy socks on the road. ""I like to moonwalk when I‚Äôm on the tour bus. It‚Äôs my f‚Ä¶ https://t.co/jbf5ZtCzC8",Sun Jun 10 01:18:36 +0000 2018,0.3612,0.094,0.906,0.0,3
403,nytimes,"RT @kimseverson: Here's a sketch of Bourdain‚Äôs last couple of days in the medieval village where he died, from @MilanSchreuer of the @nytim‚Ä¶",Sun Jun 10 01:03:05 +0000 2018,-0.5574,0.0,0.854,0.146,4
404,nytimes,Judge Stops Deportation of a New York Pizza Delivery Man https://t.co/HvmhAiLkvU,Sun Jun 10 00:04:46 +0000 2018,-0.1531,0.0,0.849,0.151,5
405,nytimes,RT @nytimestravel: This year would have been Leonard Bernstein's 100th birthday. Celebrate his rich musical legacy at these events around t‚Ä¶,Sat Jun 09 23:43:28 +0000 2018,0.8074,0.278,0.722,0.0,6
406,nytimes,"Breaking News: President Trump upended two days of diplomacy, refusing to sign a Group of 7 statement and calling P‚Ä¶ https://t.co/Y0hQKylGpt",Sat Jun 09 23:43:02 +0000 2018,-0.4019,0.0,0.87,0.13,7
407,nytimes,I Have Post-Brokeness Stress Disorder https://t.co/DzbNcVsanm,Sat Jun 09 23:25:30 +0000 2018,-0.6705,0.0,0.353,0.647,8
408,nytimes,The powerful conservative donor couple you‚Äôve never heard of: Liz and Dick Uihlein are spending millions to shape a‚Ä¶ https://t.co/X4PKGfkCQc,Sat Jun 09 23:11:56 +0000 2018,-0.128,0.116,0.747,0.137,9
409,nytimes,"Breaking News: Justify won the Belmont Stakes to become the 13th Triple Crown champion, the second in 4 years https://t.co/hm0DyHs93a",Sat Jun 09 22:53:56 +0000 2018,0.8225,0.309,0.691,0.0,10
410,nytimes,"""This has been a very slim Broadway season."" What NYT's theater critics had to say about the Tony Awards nomination‚Ä¶ https://t.co/4LbGoj8MbY",Sat Jun 09 22:53:01 +0000 2018,0.2023,0.129,0.776,0.095,11
411,nytimes,"What to watch, what to read and what to listen to by and about Anthony Bourdain https://t.co/xKVpypbD5i",Sat Jun 09 22:36:48 +0000 2018,0.0,0.0,1.0,0.0,12
412,nytimes,"She went out for a walk with her dogs. Then she went missing. Hours later, officials found human remains inside of‚Ä¶ https://t.co/wMhCiG236J",Sat Jun 09 22:20:02 +0000 2018,-0.296,0.0,0.901,0.099,13
413,nytimes,"Justify will attempt to become the 13th Triple Crown winner, and first since American Pharoah in 2015, in the Belmo‚Ä¶ https://t.co/oSk73TTFVu",Sat Jun 09 22:10:05 +0000 2018,0.5859,0.16,0.84,0.0,14
414,nytimes,"New parks are cropping up across the city, many courtesy of new apartment complexes, but you won‚Äôt need to have a p‚Ä¶ https://t.co/NW2yo2cQ4L",Sat Jun 09 22:00:09 +0000 2018,0.1901,0.077,0.923,0.0,15
415,nytimes,"These sweet, lemony rolls are a fresh alternative to classic cinnamon rolls https://t.co/prmvr6p22Z",Sat Jun 09 21:45:04 +0000 2018,0.6486,0.346,0.654,0.0,16
416,nytimes,"In @NYTOpinion

Sarah Jackson writes, ""Anthony Bourdain was not just curious about food and the world. He was aware‚Ä¶ https://t.co/5hEzlnvRuR",Sat Jun 09 21:30:11 +0000 2018,-0.2411,0.0,0.906,0.094,17
417,nytimes,Anthony Bourdain understood that eating was simply a way of taking the world inside you https://t.co/MFUCcrSnln,Sat Jun 09 21:15:06 +0000 2018,0.0,0.0,1.0,0.0,18
418,nytimes,"A salmonella outbreak has been linked to melons sold at Trader Joe's, Costco, Walgreens and other stores in 8 states https://t.co/OelPlvpK5c",Sat Jun 09 21:00:09 +0000 2018,0.0,0.0,1.0,0.0,19
419,nytimes,"With American presidential races requiring an ever-dizzying amount of money, a behind-the-scenes 2020 contest is al‚Ä¶ https://t.co/tHOnZLcUXg",Sat Jun 09 20:45:08 +0000 2018,0.0,0.0,1.0,0.0,20
420,nytimes,"RT @NYTNational: ‚ö°Ô∏è ‚ÄúAudio Series: ‚ÄãCharm City‚Äù

https://t.co/wY7o7Opy3u",Sat Jun 09 20:37:06 +0000 2018,0.0,0.0,1.0,0.0,21
421,nytimes,"Surveillance cameras are an inescapable fixture of the modern city. But in Newark, the police have taken an extraor‚Ä¶ https://t.co/lzw2Eo7eCH",Sat Jun 09 20:30:05 +0000 2018,0.0,0.0,1.0,0.0,22
422,nytimes,We demolish the lame excuses British executives gave for the lack of women on corporate boards. Read the latest Gen‚Ä¶ https://t.co/jhJiWjGPGd,Sat Jun 09 20:15:09 +0000 2018,-0.6249,0.0,0.788,0.212,23
423,nytimes,"With Kyrie Irving's popularity has come controversy: He has questioned several times whether the Earth is round, an‚Ä¶ https://t.co/XuXD1Q2qPy",Sat Jun 09 20:00:07 +0000 2018,0.4019,0.144,0.791,0.065,24
424,nytimes,"In @NYTOpinion 

Daniel Patterson writes, ""No matter how famous and seemingly unapproachable he became in the world‚Ä¶ https://t.co/BQnrKYPvyI",Sat Jun 09 19:45:02 +0000 2018,-0.2732,0.057,0.829,0.114,25
425,nytimes,Gun ranges and gun shops in several states have declared themselves ‚ÄúMuslim-free zones.‚Äù Several Muslim gun owners‚Ä¶ https://t.co/GOwpHFkLks,Sat Jun 09 19:30:10 +0000 2018,-0.7351,0.0,0.676,0.324,26
426,nytimes,"In @NYTOpinion 

Musa Okwonga writes, ""Here we are again on the eve of the planet‚Äôs greatest traveling festival: Ye‚Ä¶ https://t.co/nBxJnGwvsF",Sat Jun 09 19:15:07 +0000 2018,0.8126,0.291,0.709,0.0,27
427,nytimes,Have questions about the Belmont Stakes and the Triple Crown? We have your answers. https://t.co/GPu2uPlTRV,Sat Jun 09 19:00:09 +0000 2018,0.0,0.0,1.0,0.0,28
428,nytimes,‚ÄúI talk back to people when they say something about me now because I know even with my condition that I am beautif‚Ä¶ https://t.co/TJmesUhGTL,Sat Jun 09 18:45:05 +0000 2018,0.0,0.0,1.0,0.0,29
429,nytimes,Science is taking a back seat in policymaking across the Trump administration. The North Korea nuclear talks offer‚Ä¶ https://t.co/hauZtxGqq5,Sat Jun 09 18:30:14 +0000 2018,0.0,0.0,1.0,0.0,30
430,nytimes,"In his own unorthodox way, Trump has been preparing for this encounter with Kim Jong-Un his entire adult life https://t.co/VlXkCmqssL",Sat Jun 09 18:15:08 +0000 2018,0.0,0.0,1.0,0.0,31
431,nytimes,"With his America First agenda, Trump has driven a wedge between the U.S. and its allies, ceding leadership and its‚Ä¶ https://t.co/sfyYD4o3hM",Sat Jun 09 18:00:05 +0000 2018,0.0,0.0,1.0,0.0,32
432,nytimes,"RT @TheSteinLine: All the tales ‚Äî legacy, free agency, injury ‚Äî from what might (or might not) have been LeBron James‚Äô last night as a Clev‚Ä¶",Sat Jun 09 17:50:07 +0000 2018,0.128,0.122,0.775,0.103,33
433,nytimes,California has dug in at the front lines of the resistance to President Trump. And then there is Orange County. https://t.co/BSVW14kSmd,Sat Jun 09 17:40:03 +0000 2018,0.0,0.0,1.0,0.0,34
434,nytimes,"What to watch, what to read and what to listen to by and about Anthony Bourdain https://t.co/TR5noBS7Ee",Sat Jun 09 17:25:03 +0000 2018,0.0,0.0,1.0,0.0,35
435,nytimes,"Who‚Äôs right, Elon Musk or Mark Zuckerberg? Is supersmart artificial intelligence a potential threat to humans, or a‚Ä¶ https://t.co/8zay2rbSEG",Sat Jun 09 17:10:03 +0000 2018,-0.0772,0.138,0.711,0.151,36
436,nytimes,"RT @stanfordc: I‚Äôm proud to say that there has never been a swimsuit portion of the news quiz 
https://t.co/e1Z8wlhYvy https://t.co/4YJ7UrG‚Ä¶",Sat Jun 09 17:00:23 +0000 2018,0.4767,0.147,0.853,0.0,37
437,nytimes,"30 billion gallons of Hawaiian lava, as seen from the ground and space https://t.co/vz9qQOCYS9",Sat Jun 09 16:45:09 +0000 2018,0.0,0.0,1.0,0.0,38
438,nytimes,She wanted to celebrate their marriage in lavish style. He had something less lofty in mind. A lovers‚Äô battle ensue‚Ä¶ https://t.co/RnvIaxRtRP,Sat Jun 09 16:30:07 +0000 2018,0.2732,0.152,0.741,0.107,39
439,nytimes,"Anthony Bourdain's sudden death at Le Chambard, a hotel in the village of Kaysersberg in northeastern France, sent‚Ä¶ https://t.co/V5gRoZKGQN",Sat Jun 09 16:15:02 +0000 2018,-0.5994,0.0,0.813,0.187,40
440,nytimes,"@jimdwyernyt ""The supply of excellent schools cannot meet the demands of capable students, whatever their backgroun‚Ä¶ https://t.co/KF39XvdUjJ",Sat Jun 09 16:01:00 +0000 2018,0.743,0.296,0.704,0.0,41
441,nytimes,"@jimdwyernyt The specialized schools are far from bastions of privilege, dominated by immigrants or the children of‚Ä¶ https://t.co/DWOoiPghSz",Sat Jun 09 15:58:00 +0000 2018,0.3612,0.128,0.872,0.0,42
442,nytimes,"In New York‚Äôs ragged history of race, class, privilege and equity, the city‚Äôs specialized high schools have long be‚Ä¶ https://t.co/HL2yw2JmHz",Sat Jun 09 15:55:03 +0000 2018,0.3612,0.116,0.884,0.0,43
443,nytimes,Breaking News: President Trump threatened to end trade with G-7 nations that he said use unfair practices. ‚ÄúWe‚Äôre l‚Ä¶ https://t.co/uI5rOmZ76O,Sat Jun 09 15:41:58 +0000 2018,-0.7269,0.0,0.747,0.253,44
444,nytimes,"Flaky mounds of quick bread, golden brown, with a significant crumb https://t.co/wbMRgvySpY",Sat Jun 09 15:32:50 +0000 2018,0.2023,0.153,0.847,0.0,45
445,nytimes,Breaking News: Simona Halep of Romania beat Sloane Stephens to win the French Open. It was the first Grand Slam tit‚Ä¶ https://t.co/3sFwWkJ353,Sat Jun 09 15:16:31 +0000 2018,0.6369,0.239,0.669,0.092,46
446,nytimes,Her $1 million gift left educators asking: How was one teacher able to save so much money?https://t.co/Vv8fhgbwWA,Sat Jun 09 15:05:06 +0000 2018,0.7269,0.289,0.711,0.0,47
447,nytimes,"If you or someone else you know is having thoughts of suicide, call the National Suicide Prevention Lifeline at 1-8‚Ä¶ https://t.co/5kOUYV8c3u",Sat Jun 09 14:51:21 +0000 2018,-0.875,0.0,0.679,0.321,48
448,nytimes,New federal data shows that suicide rates have been increasing for years in almost every state and across demograph‚Ä¶ https://t.co/g6znmjYQl5,Sat Jun 09 14:50:03 +0000 2018,-0.6705,0.0,0.809,0.191,49
449,nytimes,"After failing to repeal the Affordable Care Act, the Trump administration is seizing on a different strategy for di‚Ä¶ https://t.co/Low8zwBsVL",Sat Jun 09 14:37:50 +0000 2018,-0.0258,0.136,0.723,0.14,50
450,nytimes,"Our experts weighed in on the contenders, including the Triple Crown hopeful Justify, for the 150th Belmont Stakes https://t.co/xi9TIoAxWb",Sat Jun 09 14:36:39 +0000 2018,0.5106,0.155,0.845,0.0,51
451,nytimes,"RT @NYTMetro: ‚ÄúThis is the deportation machine in full effect, and everyone should wake up to how American citizens and their families are‚Ä¶",Sat Jun 09 14:20:07 +0000 2018,0.0,0.0,1.0,0.0,52
452,nytimes,"RT @caityweaver: The strangest and best recommendation I will ever make to you is: Listen to the same 4 podcast appearances by ""Sex and the‚Ä¶",Sat Jun 09 14:02:25 +0000 2018,0.6369,0.16,0.84,0.0,53
453,nytimes,Pope Tells Oil Executives to Act on Climate: ‚ÄòThere Is No Time to Lose‚Äô https://t.co/jpXdOMmBOf,Sat Jun 09 13:43:12 +0000 2018,-0.296,0.0,0.864,0.136,54
454,nytimes,Elizabeth Warren and a Scholarly Debate Over Medical Bankruptcy That Won‚Äôt Go Away https://t.co/mbz6wvuSUO,Sat Jun 09 13:38:05 +0000 2018,0.0,0.0,1.0,0.0,55
455,nytimes,RT @NYTStyles: Parties! https://t.co/MdgG2e1xjI,Sat Jun 09 13:26:45 +0000 2018,0.4574,0.499,0.501,0.0,56
456,nytimes,"RT @nytimesbusiness: ""Wealth was about being able to create the change you wish to see in the world.‚Äù https://t.co/KoQCO5Iy1y",Sat Jun 09 13:06:58 +0000 2018,0.7906,0.333,0.667,0.0,57
457,nytimes,An exhibition in London examines the feelings people harbor about their teeth. Here's a look at some of the most cu‚Ä¶ https://t.co/KRz76xwrXq,Sat Jun 09 12:50:47 +0000 2018,0.0,0.0,1.0,0.0,58
458,nytimes,RT @NYTSports: Need a winner for the Belmont Stakes? @MHoppertNYT and @joedrape have you covered: https://t.co/44joWHhuTm,Sat Jun 09 12:33:02 +0000 2018,0.5859,0.213,0.787,0.0,59
459,nytimes,Why Cities Can‚Äôt Stop Poaching From One Another https://t.co/X1SeTjbqKs,Sat Jun 09 12:32:42 +0000 2018,-0.296,0.0,0.784,0.216,60
460,nytimes,RT @nytimesworld: Austrian officials have ordered seven mosques to close and may refuse dozens of imams the right to reside in the country‚Ä¶,Sat Jun 09 12:17:32 +0000 2018,-0.296,0.0,0.909,0.091,61
461,nytimes,RT @nytrealestate: A quick guide to what you need to get your first apartment in New York City https://t.co/NQYV03Xkyn,Sat Jun 09 12:00:08 +0000 2018,0.0,0.0,1.0,0.0,62
462,nytimes,Men‚Äôs Fashion Week Loses Some Luster https://t.co/TCj0nbeFMj,Sat Jun 09 11:49:08 +0000 2018,-0.3182,0.0,0.723,0.277,63
463,nytimes,"Inside New York‚Äôs dollar van wars: strict regulations, low margins and a constant fight with rogue van drivers https://t.co/kiAEpdxkgV",Sat Jun 09 11:41:16 +0000 2018,-0.8074,0.0,0.644,0.356,64
464,nytimes,"RT @NYTMetro: On the stoop that was his perch, a requiem for the mayor of West 83rd Street, in Manhattan. https://t.co/qRN1VlPo1t",Sat Jun 09 11:23:34 +0000 2018,0.0,0.0,1.0,0.0,65
465,nytimes,"Charlotte Fox, 61, Trailblazing Alpinist and Everest Survivor, Dies https://t.co/nM5gpQdLhB",Sat Jun 09 11:07:18 +0000 2018,0.3612,0.217,0.783,0.0,66
466,nytimes,A Good Appetite: Chicken Milanese Has Its Moment https://t.co/Rhco2hq6mS,Sat Jun 09 11:05:12 +0000 2018,0.4404,0.293,0.707,0.0,67
467,nytimes,The New York Times obituary for Anthony Bourdain https://t.co/D697EnEWQX,Sat Jun 09 11:03:06 +0000 2018,0.0,0.0,1.0,0.0,68
468,nytimes,RT @NYTmag: 24 hours. 23 photographers. One city. One topic: Love. Watch the making of this issue https://t.co/s2uND5xgVs and see the full‚Ä¶,Sat Jun 09 10:35:35 +0000 2018,0.6369,0.167,0.833,0.0,69
469,nytimes,The recent volcanic eruptions in Hawaii and Guatemala are a reminder that not all volcanoes are created equal https://t.co/M7sNdtwIzJ,Sat Jun 09 10:18:25 +0000 2018,0.25,0.105,0.895,0.0,70
470,nytimes,"For the 3rd time in 4 seasons, and for the 2nd year in a row, the Golden State Warriors are NBA champions https://t.co/r7NgjH0nbf",Sat Jun 09 10:00:17 +0000 2018,0.5267,0.145,0.855,0.0,71
471,nytimes,"RT @nytimestech: The Chinese electronics maker ZTE has survived its brush with death. Now, it has to figure out how to stay in business. He‚Ä¶",Sat Jun 09 09:41:41 +0000 2018,-0.1531,0.109,0.762,0.129,72
472,nytimes,"RT @nytrealestate: You may like the contractor, but does the contractor like you back? https://t.co/kPShW4JONu",Sat Jun 09 09:24:47 +0000 2018,0.6124,0.278,0.722,0.0,73
473,nytimes,"RT @NYTmag: On a rainy Saturday morning on May 19, @philip_nyc captured love in the middle of Times Square. See more from our #NYTLoveCity‚Ä¶",Sat Jun 09 09:07:20 +0000 2018,0.5994,0.158,0.792,0.049,74
474,nytimes,How I Used Art to Get Through Trauma https://t.co/7N5fzAxLoe,Sat Jun 09 08:50:10 +0000 2018,-0.4215,0.0,0.714,0.286,75
475,nytimes,"The NYT review of ""Ocean's 8"" https://t.co/flFaRzpyzr",Sat Jun 09 08:42:33 +0000 2018,0.0,0.0,1.0,0.0,76
476,nytimes,She‚Äôs photographed Broadway for years. Now Broadway is honoring her. https://t.co/eI7sfheNWI,Sat Jun 09 08:26:14 +0000 2018,0.5106,0.248,0.752,0.0,77
477,nytimes,The killing in Germany comes on top of a deepening scandal and calls for a full-blown parliamentary investigation o‚Ä¶ https://t.co/0p5qfKyP2V,Sat Jun 09 08:09:03 +0000 2018,-0.7579,0.075,0.622,0.303,78
478,nytimes,"RT @nytimesworld: More than 140 miles away and three decades after the Chernobyl disaster, some cows still make radioactive milk https://t.‚Ä¶",Sat Jun 09 07:42:08 +0000 2018,-0.6249,0.0,0.83,0.17,79
479,nytimes,RT @nytopinion: This weekend we are sharing some pieces on music. Think of it as a little inspiration to appreciate the soundtrack of your‚Ä¶,Sat Jun 09 07:25:53 +0000 2018,0.8097,0.294,0.706,0.0,80
480,nytimes,"RT @nytimesbusiness: HBO is making a pilot for one of the five ""Game of Thrones"" prequels it has in development https://t.co/EMeqQvEdHQ",Sat Jun 09 07:09:23 +0000 2018,0.0,0.0,1.0,0.0,81
481,nytimes,"Taliban Announce Brief Cease-Fire, Offering Afghans Hope for Lull in War https://t.co/IlMkkFHSCM",Sat Jun 09 06:52:51 +0000 2018,-0.25,0.173,0.595,0.232,82
482,nytimes,"RT @NYTMetro: Underneath the umbrella: a fascinating photo portfolio of the lifeguards of Jones Beach, in all their stoic, bored, heroic gl‚Ä¶",Sat Jun 09 06:41:20 +0000 2018,0.7184,0.261,0.662,0.077,83
483,nytimes,"China‚Äôs ZTE‚Äî a little-known electronics maker‚Äî became an unlikely political football, then an even unlikelier objec‚Ä¶ https://t.co/APxvWFepXB",Sat Jun 09 06:24:54 +0000 2018,0.0,0.0,1.0,0.0,84
484,nytimes,"Andrew Rannells: ""I didn't feel jealous; I felt driven. I wanted to be one of those people on the Tonys."" https://t.co/i3LX0WgQBb",Sat Jun 09 06:06:12 +0000 2018,0.357,0.121,0.879,0.0,85
485,nytimes,Here's who we think will win the Tonys (and who should) https://t.co/ZlqqPQRtvt,Sat Jun 09 05:50:04 +0000 2018,0.5859,0.257,0.743,0.0,86
486,nytimes,Justice Dept. Requests Delay if DACA Injunction Is Issued https://t.co/HB7h98gENy,Sat Jun 09 05:35:00 +0000 2018,0.2732,0.248,0.584,0.168,87
487,nytimes,"RT @nytpolitics: The president said that Melania Trump ‚Äúwanted to go‚Äù with him to the Group of 7 summit meeting in Quebec, but was staying‚Ä¶",Sat Jun 09 05:32:30 +0000 2018,0.0,0.0,1.0,0.0,88
488,nytimes,"50 years after his death, friends, aides and journalists recall Robert F. Kennedy's last campaign in California, hi‚Ä¶ https://t.co/bAveWEnYW5",Sat Jun 09 05:00:08 +0000 2018,-0.2023,0.129,0.708,0.163,89
489,nytimes,"In Canada, many observers were calling it the ""G-6 plus 1"" ‚Äî with President Trump being cast as the irrational, ira‚Ä¶ https://t.co/AUbzhnVmGY",Sat Jun 09 04:45:03 +0000 2018,-0.34,0.0,0.893,0.107,90
490,nytimes,"RT @kenvogel: MANAFORT paid KONSTANTIN KILIMNIK $531k in 2013 &amp; 2014, according to lobbying records, but that covers only a fraction of the‚Ä¶",Sat Jun 09 04:30:05 +0000 2018,-0.0387,0.0,0.948,0.052,91
491,nytimes,What should you do when a loved one is severely depressed? Don‚Äôt underestimate the power of showing up. https://t.co/yqRyXmSWiM,Sat Jun 09 04:15:04 +0000 2018,-0.5574,0.148,0.53,0.322,92
492,nytimes,"""This should be a grave concern to anyone who cares about an informed citizenry,"" said Eileen Murphy, a spokeswoman‚Ä¶ https://t.co/iwMg5Ng7tl",Sat Jun 09 04:06:01 +0000 2018,0.1027,0.139,0.741,0.12,93
493,nytimes,RT @NYTSports: Kevin Durant has been named the MVP of the NBA finals for the second straight year. https://t.co/xSARJQ5MlN,Sat Jun 09 04:01:40 +0000 2018,0.2263,0.095,0.905,0.0,94
494,nytimes,The U.S. just beat out China to develop the world‚Äôs fastest supercomputer. You‚Äôd need 6.3 billion years to match wh‚Ä¶ https://t.co/DMGoDUacwv,Sat Jun 09 03:54:22 +0000 2018,0.0,0.0,1.0,0.0,95
495,nytimes,"RT @SopanDeb: **NEW**: In a lengthy (and remarkable) interview with Kyrie Irving, he repeatedly questioned whether the Earth is flat or rou‚Ä¶",Sat Jun 09 03:40:03 +0000 2018,-0.1027,0.0,0.935,0.065,96
496,nytimes,"Breaking News: The Golden State Warriors have won their third N.B.A. title in four years, sweeping LeBron James and‚Ä¶ https://t.co/jbvTIZsZrD",Sat Jun 09 03:29:11 +0000 2018,0.5719,0.163,0.837,0.0,97
497,nytimes,"At a moment of tumult over trade and nuclear security, President Trump is making friends with America‚Äôs enemies and‚Ä¶ https://t.co/JtgvrhRvJ6",Sat Jun 09 03:26:27 +0000 2018,0.3182,0.223,0.648,0.13,98
498,nytimes,"Discover an ""irony free zone where everything is beautiful and nothing hurts.""

What to watch, what to read and wha‚Ä¶ https://t.co/gMtAyyRjDD",Sat Jun 09 02:55:05 +0000 2018,0.7906,0.273,0.682,0.045,99
499,nytimes,President Trump suggested the Group of 7 nations reinstate Russia 4 years after it was cast out for annexing Crimea https://t.co/ZQQDfGp5GN,Sat Jun 09 02:36:05 +0000 2018,0.0,0.0,1.0,0.0,100
